Team,Status,Team rating,CB,LB,RB,ST,CM,AM,LM,DM,LW,RW,RM,Rival team rating,CBr,LBr,RBr,STr,CMr,AMr,LMr,DMr,LWr,RWr,RMr,Result,Round,Team_encoded,Status_encoded
Man city,Guest,7.3,2,1,1,1,0,1,0,2,1,1,0,6.0,3,1,1,1,2,0,1,0,0,0,1,Win,1,12,0
Burnley,Home,6.0,3,1,1,1,2,0,1,0,0,0,1,7.3,2,1,1,1,0,1,0,2,1,1,0,Lost,1,5,1
Arsenal,Home,7.4,2,1,1,1,3,0,0,0,1,1,0,6.5,3,0,0,1,2,0,1,0,1,1,1,Win,1,0,1
Nottm forest,Guest,6.5,3,0,0,1,2,0,1,0,1,1,1,7.4,2,1,1,1,3,0,0,0,1,1,0,Lost,1,15,0
Bournemouth,Home,6.6,2,1,1,1,0,1,0,2,1,1,0,7.2,2,1,1,1,0,1,0,2,1,1,0,Draw,1,2,1
West ham,Guest,7.2,2,1,1,1,0,1,0,2,1,1,0,6.6,2,1,1,1,0,1,0,2,1,1,0,Draw,1,18,0
Brighton,Home,7.4,2,1,1,1,0,1,0,2,1,1,0,6.3,3,0,0,2,3,0,1,0,0,0,1,Win,1,4,1
Luton,Guest,6.3,3,0,0,2,3,0,1,0,0,0,1,7.4,2,1,1,1,0,1,0,2,1,1,0,Lost,1,11,0
Everton,Home,6.7,2,1,1,1,2,1,1,0,0,0,1,7.1,2,1,1,1,3,0,0,0,1,1,0,Lost,1,8,1
Fulham,Guest,7.1,2,1,1,1,3,0,0,0,1,1,0,6.7,2,1,1,1,2,1,1,0,0,0,1,Win,1,9,0
Sheffiled utd,Home,6.4,3,0,0,2,3,0,1,0,0,0,1,7.8,2,1,1,1,0,1,0,2,1,1,0,Lost,1,16,1
Crystal palace,Guest,7.8,2,1,1,1,0,1,0,2,1,1,0,6.4,3,0,0,2,3,0,1,0,0,0,1,Win,1,7,0
Newcatle,Home,7.7,2,1,1,1,3,0,0,0,1,1,0,6.1,2,1,1,2,2,0,0,1,0,0,1,Win,1,14,1
Aston Villa,Guest,6.1,2,1,1,2,2,0,0,1,0,0,1,7.7,2,1,1,1,3,0,0,0,1,1,0,Lost,1,1,0
Brentford,Home,6.7,3,1,1,2,3,0,0,0,0,0,0,7.3,2,1,1,0,1,1,0,2,1,1,0,Draw,1,3,1
Tottenham,Guest,7.3,2,1,1,0,1,1,0,2,1,1,0,6.7,3,1,1,2,3,0,0,0,0,0,0,Draw,1,17,0
Chelsea,Home,7.1,3,0,0,2,3,0,1,0,0,0,1,7.0,2,1,1,1,3,0,0,0,1,1,0,Draw,1,6,1
Liverpool,Guest,7.0,2,1,1,1,3,0,0,0,1,1,0,7.1,3,0,0,2,3,0,1,0,0,0,1,Draw,1,10,0
Man utd,Home,7.1,2,1,1,1,0,1,0,2,1,1,0,7.1,2,1,1,2,2,0,1,0,0,0,1,Win,1,13,1
Wolves,Guest,7.1,2,1,1,2,2,0,1,0,0,0,1,7.1,2,1,1,1,0,1,0,2,1,1,0,Lost,1,19,0
Nottm forest,Home,7.3,3,0,0,1,2,0,1,0,1,1,1,6.5,3,0,0,1,2,2,1,0,0,0,1,Win,2,15,1
Sheffiled utd,Guest,6.5,3,0,0,1,2,2,1,0,0,0,1,7.3,3,0,0,1,2,0,1,0,1,1,1,Lost,2,16,0
Fulham,Home,6.3,2,1,1,1,3,0,0,0,1,1,0,7.2,2,1,1,1,3,0,0,0,1,1,0,Lost,2,9,1
Brentford,Guest,7.2,2,1,1,1,3,0,0,0,1,1,0,6.3,2,1,1,1,3,0,0,0,1,1,0,Win,2,3,0
Liverpool,Home,7.4,2,1,1,1,3,0,0,0,1,1,0,6.4,2,1,1,1,0,1,1,2,0,0,1,Win,2,10,1
Bournemouth,Guest,6.4,2,1,1,1,0,1,1,2,0,0,1,7.4,2,1,1,1,3,0,0,0,1,1,0,Lost,2,2,0
Wolves,Home,6.3,2,1,1,2,2,0,1,0,0,0,1,7.5,2,1,1,1,0,1,0,2,1,1,0,Lost,2,19,1
Brighton,Guest,7.5,2,1,1,1,0,1,0,2,1,1,0,6.3,2,1,1,2,2,0,1,0,0,0,1,Win,2,4,0
Tottenham,Home,7.2,2,1,1,1,0,1,0,2,1,1,0,6.7,2,1,1,1,0,1,0,2,1,1,0,Win,2,17,1
Man utd,Guest,6.7,2,1,1,1,0,1,0,2,1,1,0,7.2,2,1,1,1,0,1,0,2,1,1,0,Lost,2,13,0
Man city,Home,7.6,2,1,1,1,0,1,0,2,1,1,0,6.4,2,1,1,1,3,0,0,0,1,1,0,Win,2,12,1
Newcatle,Guest,6.4,2,1,1,1,3,0,0,0,1,1,0,7.6,2,1,1,1,0,1,0,2,1,1,0,Lost,2,14,0
Aston Villa,Home,7.4,2,1,1,1,0,1,0,2,1,1,0,6.0,2,1,1,1,0,2,0,1,1,1,0,Win,2,1,1
Everton,Guest,6.0,2,1,1,1,0,2,0,1,1,1,0,7.4,2,1,1,1,0,1,0,2,1,1,0,Lost,2,8,0
West ham,Home,7.2,2,1,1,1,0,1,0,2,1,1,0,6.8,3,0,0,1,2,2,1,0,0,0,1,Win,2,18,1
Chelsea,Guest,6.8,3,0,0,1,2,2,1,0,0,0,1,7.2,2,1,1,1,0,1,0,2,1,1,0,Lost,2,6,0
Crystal palace,Home,6.8,2,1,1,1,0,1,0,2,1,1,0,7.1,2,1,1,1,3,0,0,0,1,1,0,Lost,2,7,1
Arsenal,Guest,7.1,2,1,1,1,3,0,0,0,1,1,0,6.8,2,1,1,1,0,1,0,2,1,1,0,Win,2,0,0
Luton,Home,6.8,3,0,0,1,2,2,1,0,0,0,1,7.2,2,1,1,1,0,1,0,2,1,1,0,Lost,2,11,1
Burnley,Guest,7.2,2,1,1,1,0,1,0,2,1,1,0,6.8,3,0,0,1,2,2,1,0,0,0,1,Win,2,5,0
Chelsea,Home,7.8,3,0,0,1,2,2,1,0,0,0,1,6.2,3,1,1,2,3,0,0,0,0,0,0,Win,3,6,1
Luton,Guest,6.2,3,1,1,2,3,0,0,0,0,0,0,7.8,3,0,0,1,2,2,1,0,0,0,1,Lost,3,11,0
Bournemouth,Home,6.4,2,1,1,1,0,1,0,2,1,1,0,7.4,2,1,1,1,0,1,0,2,1,1,0,Lost,3,2,1
Tottenham,Guest,7.4,2,1,1,1,0,1,0,2,1,1,0,6.4,2,1,1,1,0,1,0,2,1,1,0,Win,3,17,0
Arsenal,Home,7.1,2,1,1,1,3,0,0,0,1,1,0,6.8,2,1,1,1,3,0,0,0,1,1,0,Draw,3,0,1
Fulham,Guest,6.8,2,1,1,1,3,0,0,0,1,1,0,7.1,2,1,1,1,3,0,0,0,1,1,0,Draw,3,9,0
Brentford,Home,6.7,2,1,1,1,3,0,0,0,1,1,0,7.0,2,1,1,1,0,1,0,2,1,1,0,Draw,3,3,1
Crystal palace,Guest,7.0,2,1,1,1,0,1,0,2,1,1,0,6.7,2,1,1,1,3,0,0,0,1,1,0,Draw,3,7,0
Everton,Home,6.9,2,1,1,1,0,2,0,1,1,1,0,7.1,2,1,1,1,2,1,1,0,0,0,1,Lost,3,8,1
Wolves,Guest,7.1,2,1,1,1,2,1,1,0,0,0,1,6.9,2,1,1,1,0,2,0,1,1,1,0,Win,3,19,0
Man utd,Home,7.3,2,1,1,1,0,1,0,2,1,1,0,6.9,3,0,0,1,2,2,1,0,0,0,1,Win,3,13,1
Nottm forest,Guest,6.9,3,0,0,1,2,2,1,0,0,0,1,7.3,2,1,1,1,0,1,0,2,1,1,0,Lost,3,15,0
Brighton,Home,6.5,2,1,1,1,0,1,0,2,1,1,0,7.6,2,1,1,1,0,2,0,1,1,1,0,Lost,3,4,1
West ham,Guest,7.6,2,1,1,1,0,2,0,1,1,1,0,6.5,2,1,1,1,0,1,0,2,1,1,0,Win,3,18,0
Burnley,Home,6.4,2,1,1,2,2,0,1,0,0,0,1,7.6,3,0,0,1,2,2,1,0,0,0,1,Lost,3,5,1
Aston Villa,Guest,7.6,3,0,0,1,2,2,1,0,0,0,1,6.4,2,1,1,2,2,0,1,0,0,0,1,Win,3,1,0
Sheffiled utd,Home,6.3,3,0,0,2,3,0,1,0,0,0,1,7.8,2,1,1,1,0,1,0,2,1,1,0,Lost,3,16,1
Man city,Guest,7.8,2,1,1,1,0,1,0,2,1,1,0,6.3,3,0,0,2,3,0,1,0,0,0,1,Win,3,12,0
Newcatle,Home,6.7,2,1,1,1,3,0,0,0,1,1,0,6.8,2,1,1,1,3,0,0,0,1,1,0,Lost,3,14,1
Liverpool,Guest,6.8,2,1,1,1,3,0,0,0,1,1,0,6.7,2,1,1,1,3,0,0,0,1,1,0,Win,3,10,0
Luton,Home,6.6,3,1,1,2,3,0,0,0,0,0,0,7.3,2,1,1,1,0,1,0,2,1,1,0,Lost,4,11,1
West ham,Guest,7.3,2,1,1,1,0,1,0,2,1,1,0,6.6,3,1,1,2,3,0,0,0,0,0,0,Win,4,18,0
Sheffiled utd,Home,6.8,3,0,0,2,3,0,1,0,0,0,1,7.3,2,1,1,1,2,1,1,0,0,0,1,Draw,4,16,1
Everton,Guest,7.3,2,1,1,1,2,1,1,0,0,0,1,6.8,3,0,0,2,3,0,1,0,0,0,1,Draw,4,8,0
Brentford,Home,7.0,2,1,1,1,3,0,0,0,1,1,0,6.7,2,1,1,1,0,1,0,2,1,1,0,Draw,4,3,1
Bournemouth,Guest,6.7,2,1,1,1,0,1,0,2,1,1,0,7.0,2,1,1,1,3,0,0,0,1,1,0,Draw,4,2,0
Burnley,Home,6.2,2,1,1,2,2,0,1,0,0,0,1,7.5,2,1,1,1,0,1,0,2,1,1,0,Lost,4,5,1
Tottenham,Guest,7.5,2,1,1,1,0,1,0,2,1,1,0,6.2,2,1,1,2,2,0,1,0,0,0,1,Win,4,17,0
Chelsea,Home,6.7,3,0,0,1,2,2,1,0,0,0,1,6.9,3,0,0,1,2,2,1,0,0,0,1,Lost,4,6,1
Nottm forest,Guest,6.9,3,0,0,1,2,2,1,0,0,0,1,6.7,3,0,0,1,2,2,1,0,0,0,1,Win,4,15,0
Man city,Home,7.6,2,1,1,1,0,1,0,2,1,1,0,5.8,2,1,1,1,3,0,0,0,1,1,0,Win,4,12,1
Fulham,Guest,5.8,2,1,1,1,3,0,0,0,1,1,0,7.6,2,1,1,1,0,1,0,2,1,1,0,Lost,4,9,0
Brighton,Home,7.3,2,1,1,1,0,1,0,2,1,1,0,6.3,2,1,1,1,3,0,0,0,1,1,0,Win,4,4,1
Newcatle,Guest,6.3,2,1,1,1,3,0,0,0,1,1,0,7.3,2,1,1,1,0,1,0,2,1,1,0,Lost,4,14,0
Crystal palace,Home,7.4,2,1,1,1,0,1,0,2,1,1,0,6.9,2,1,1,1,2,1,1,0,0,0,1,Win,4,7,1
Wolves,Guest,6.9,2,1,1,1,2,1,1,0,0,0,1,7.4,2,1,1,1,0,1,0,2,1,1,0,Lost,4,19,0
Liverpool,Home,7.3,2,1,1,1,3,0,0,0,1,1,0,6.4,3,0,0,1,2,2,1,0,0,0,1,Win,4,10,1
Aston Villa,Guest,6.4,3,0,0,1,2,2,1,0,0,0,1,7.3,2,1,1,1,3,0,0,0,1,1,0,Lost,4,1,0
Arsenal,Home,7.4,2,1,1,1,3,0,0,0,1,1,0,6.3,2,1,1,1,0,1,0,2,1,1,0,Win,4,0,1
Man utd,Guest,6.3,2,1,1,1,0,1,0,2,1,1,0,7.4,2,1,1,1,3,0,0,0,1,1,0,Lost,4,13,0
Wolves,Home,6.5,2,1,1,1,0,1,0,2,1,1,0,7.3,2,1,1,1,3,0,0,0,1,1,0,Lost,5,19,1
Liverpool,Guest,7.3,2,1,1,1,3,0,0,0,1,1,0,6.5,2,1,1,1,0,1,0,2,1,1,0,Win,5,10,0
Aston Villa,Home,7.3,2,1,1,2,2,0,1,0,0,0,1,6.8,2,1,1,1,0,1,0,2,1,1,0,Win,5,1,1
Crystal palace,Guest,6.8,2,1,1,1,0,1,0,2,1,1,0,7.3,2,1,1,2,2,0,1,0,0,0,1,Lost,5,7,0
Fulham,Home,7.2,2,1,1,1,3,0,0,0,1,1,0,6.4,3,1,1,2,3,0,0,0,0,0,0,Win,5,9,1
Luton,Guest,6.4,3,1,1,2,3,0,0,0,0,0,0,7.2,2,1,1,1,3,0,0,0,1,1,0,Lost,5,11,0
Man utd,Home,6.6,2,1,1,2,0,1,0,3,0,0,0,7.2,2,1,1,1,0,1,0,2,1,1,0,Lost,5,13,1
Brighton,Guest,7.2,2,1,1,1,0,1,0,2,1,1,0,6.6,2,1,1,2,0,1,0,3,0,0,0,Win,5,4,0
Tottenham,Home,7.5,2,1,1,1,0,1,0,2,1,1,0,6.6,3,0,0,2,3,0,1,0,0,0,1,Win,5,17,1
Sheffiled utd,Guest,6.6,3,0,0,2,3,0,1,0,0,0,1,7.5,2,1,1,1,0,1,0,2,1,1,0,Lost,5,16,0
West ham,Home,6.6,2,1,1,1,0,1,0,2,1,1,0,7.8,2,1,1,1,0,1,0,2,1,1,0,Lost,5,18,1
Man city,Guest,7.8,2,1,1,1,0,1,0,2,1,1,0,6.6,2,1,1,1,0,1,0,2,1,1,0,Win,5,12,0
Newcatle,Home,7.3,2,1,1,1,3,0,0,0,1,1,0,6.7,3,0,0,2,3,0,1,0,0,0,1,Win,5,14,1
Brentford,Guest,6.7,3,0,0,2,3,0,1,0,0,0,1,7.3,2,1,1,1,3,0,0,0,1,1,0,Lost,5,3,0
Bournemouth,Home,7.1,2,1,1,1,0,1,0,2,1,1,0,7.0,2,1,1,1,0,1,0,2,1,1,0,Draw,5,2,1
Chelsea,Guest,7.0,2,1,1,1,0,1,0,2,1,1,0,7.1,2,1,1,1,0,1,0,2,1,1,0,Draw,5,6,0
Everton,Home,6.4,2,1,1,1,3,0,1,0,0,0,1,7.0,2,1,1,1,3,0,0,0,1,1,0,Lost,5,8,1
Arsenal,Guest,7.0,2,1,1,1,3,0,0,0,1,1,0,6.4,2,1,1,1,3,0,1,0,0,0,1,Win,5,0,0
Nottm forest,Home,6.9,2,1,1,1,0,1,0,2,1,1,0,6.7,2,1,1,1,0,1,0,2,1,1,0,Draw,5,15,1
Burnley,Guest,6.7,2,1,1,1,0,1,0,2,1,1,0,6.9,2,1,1,1,0,1,0,2,1,1,0,Draw,5,5,0
Crystal palace,Home,7.1,2,1,1,1,0,1,0,2,1,1,0,7.0,2,1,1,1,0,1,0,2,1,1,0,Draw,6,7,1
Fulham,Guest,7.0,2,1,1,1,0,1,0,2,1,1,0,7.1,2,1,1,1,0,1,0,2,1,1,0,Draw,6,9,0
Luton,Home,6.9,3,0,0,1,2,0,1,0,1,1,1,6.6,2,1,1,1,0,1,0,2,1,1,0,Draw,6,11,1
Wolves,Guest,6.6,2,1,1,1,0,1,0,2,1,1,0,6.9,3,0,0,1,2,0,1,0,1,1,1,Draw,6,19,0
Man city,Home,7.4,2,1,1,1,0,1,0,2,1,1,0,6.3,3,0,0,1,2,2,1,0,0,0,1,Win,6,12,1
Nottm forest,Guest,6.3,3,0,0,1,2,2,1,0,0,0,1,7.4,2,1,1,1,0,1,0,2,1,1,0,Lost,6,15,0
Brentford,Home,6.4,2,1,1,1,3,0,0,0,1,1,0,7.5,2,1,1,1,2,1,1,0,0,0,1,Lost,6,3,1
Everton,Guest,7.5,2,1,1,1,2,1,1,0,0,0,1,6.4,2,1,1,1,3,0,0,0,1,1,0,Win,6,8,0
Burnley,Home,6.7,2,1,1,1,0,1,0,2,1,1,0,7.4,2,1,1,1,0,1,0,2,1,1,0,Lost,6,5,1
Man utd,Guest,7.4,2,1,1,1,0,1,0,2,1,1,0,6.7,2,1,1,1,0,1,0,2,1,1,0,Win,6,13,0
Arsenal,Home,6.7,2,1,1,1,3,0,0,0,1,1,0,6.9,2,1,1,1,0,1,0,2,1,1,0,Draw,6,0,1
Tottenham,Guest,6.9,2,1,1,1,0,1,0,2,1,1,0,6.7,2,1,1,1,3,0,0,0,1,1,0,Draw,6,17,0
Brighton,Home,7.1,2,1,1,1,0,1,0,2,1,1,0,6.2,2,1,1,1,0,1,0,2,1,1,0,Win,6,4,1
Bournemouth,Guest,6.2,2,1,1,1,0,1,0,2,1,1,0,7.1,2,1,1,1,0,1,0,2,1,1,0,Lost,6,2,0
Chelsea,Home,6.7,2,1,1,1,0,1,0,2,1,1,0,7.2,2,1,1,2,2,0,1,0,0,0,1,Lost,6,6,1
Aston Villa,Guest,7.2,2,1,1,2,2,0,1,0,0,0,1,6.7,2,1,1,1,0,1,0,2,1,1,0,Win,6,1,0
Liverpool,Home,7.7,2,1,1,1,3,0,0,0,1,1,0,6.6,2,1,1,1,0,1,0,2,1,1,0,Win,6,10,1
West ham,Guest,6.6,2,1,1,1,0,1,0,2,1,1,0,7.7,2,1,1,1,3,0,0,0,1,1,0,Lost,6,18,0
Sheffiled utd,Home,5.9,3,0,0,2,0,2,0,1,1,1,0,7.8,2,1,1,1,3,0,0,0,1,1,0,Lost,6,16,1
Newcatle,Guest,7.8,2,1,1,1,3,0,0,0,1,1,0,5.9,3,0,0,2,0,2,0,1,1,1,0,Win,6,14,0
Aston Villa,Home,7.3,2,1,1,2,2,0,1,0,0,0,1,5.7,2,1,1,2,2,0,1,0,0,0,1,Win,7,1,1
Brighton,Guest,5.7,2,1,1,2,2,0,1,0,0,0,1,7.3,2,1,1,2,2,0,1,0,0,0,1,Lost,7,4,0
Bournemouth,Home,6.3,2,1,1,1,0,1,0,2,1,1,0,7.5,2,1,1,1,3,0,0,0,1,1,0,Lost,7,2,1
Arsenal,Guest,7.5,2,1,1,1,3,0,0,0,1,1,0,6.3,2,1,1,1,0,1,0,2,1,1,0,Win,7,0,0
Everton,Home,6.8,2,1,1,1,2,1,1,0,0,0,1,7.2,3,0,0,1,2,2,1,0,0,0,1,Lost,7,8,1
Luton,Guest,7.2,3,0,0,1,2,2,1,0,0,0,1,6.8,2,1,1,1,2,1,1,0,0,0,1,Win,7,11,0
Man utd,Home,6.8,2,1,1,1,0,1,0,2,1,1,0,7.2,2,1,1,1,0,1,0,2,1,1,0,Lost,7,13,1
Crystal palace,Guest,7.2,2,1,1,1,0,1,0,2,1,1,0,6.8,2,1,1,1,0,1,0,2,1,1,0,Win,7,7,0
Newcatle,Home,7.7,2,1,1,1,3,0,0,0,1,1,0,6.3,2,1,1,1,0,1,0,2,1,1,0,Win,7,14,1
Burnley,Guest,6.3,2,1,1,1,0,1,0,2,1,1,0,7.7,2,1,1,1,3,0,0,0,1,1,0,Lost,7,5,0
West ham,Home,7.5,2,1,1,1,0,1,0,2,1,1,0,6.3,3,0,0,2,3,0,1,0,0,0,1,Win,7,18,1
Sheffiled utd,Guest,6.3,3,0,0,2,3,0,1,0,0,0,1,7.5,2,1,1,1,0,1,0,2,1,1,0,Lost,7,16,0
Wolves,Home,7.0,3,0,0,1,2,0,1,0,1,1,1,6.6,2,1,1,1,0,1,0,2,1,1,0,Win,7,19,1
Man city,Guest,6.6,2,1,1,1,0,1,0,2,1,1,0,7.0,3,0,0,1,2,0,1,0,1,1,1,Lost,7,12,0
Tottenham,Home,7.8,2,1,1,1,0,1,0,2,1,1,0,6.3,2,1,1,1,3,0,0,0,1,1,0,Win,7,17,1
Liverpool,Guest,6.3,2,1,1,1,3,0,0,0,1,1,0,7.8,2,1,1,1,0,1,0,2,1,1,0,Lost,7,10,0
Nottm forest,Home,6.9,2,1,1,1,3,0,0,0,1,1,0,6.8,2,1,1,1,3,0,0,0,1,1,0,Draw,7,15,1
Brentford,Guest,6.8,2,1,1,1,3,0,0,0,1,1,0,6.9,2,1,1,1,3,0,0,0,1,1,0,Draw,7,3,0
Fulham,Home,6.1,2,1,1,1,3,0,0,0,1,1,0,7.3,2,1,1,1,3,0,0,0,1,1,0,Lost,7,9,1
Chelsea,Guest,7.3,2,1,1,1,3,0,0,0,1,1,0,6.1,2,1,1,1,3,0,0,0,1,1,0,Win,7,6,0
Luton,Home,6.5,2,1,1,2,2,0,1,0,0,0,1,7.2,2,1,1,1,0,1,0,2,1,1,0,Lost,8,11,1
Tottenham,Guest,7.2,2,1,1,1,0,1,0,2,1,1,0,6.5,2,1,1,2,2,0,1,0,0,0,1,Win,8,17,0
Burnley,Home,6.3,2,1,1,1,3,0,0,0,1,1,0,7.5,2,1,1,1,3,0,0,0,1,1,0,Lost,8,5,1
Chelsea,Guest,7.5,2,1,1,1,3,0,0,0,1,1,0,6.3,2,1,1,1,3,0,0,0,1,1,0,Win,8,6,0
Everton,Home,7.8,2,1,1,1,2,1,1,0,0,0,1,6.0,2,1,1,1,0,1,0,2,1,1,0,Win,8,8,1
Bournemouth,Guest,6.0,2,1,1,1,0,1,0,2,1,1,0,7.8,2,1,1,1,2,1,1,0,0,0,1,Lost,8,2,0
Fulham,Home,7.1,2,1,1,1,3,0,0,0,1,1,0,6.3,3,0,0,2,3,0,1,0,0,0,1,Win,8,9,1
Sheffiled utd,Guest,6.3,3,0,0,2,3,0,1,0,0,0,1,7.1,2,1,1,1,3,0,0,0,1,1,0,Lost,8,16,0
Man utd,Home,7.0,2,1,1,1,0,1,0,2,1,1,0,6.9,3,0,0,2,3,0,1,0,0,0,1,Win,8,13,1
Brentford,Guest,6.9,3,0,0,2,3,0,1,0,0,0,1,7.0,2,1,1,1,0,1,0,2,1,1,0,Lost,8,3,0
Crystal palace,Home,6.8,2,1,1,1,3,0,1,0,0,0,1,6.8,2,1,1,1,3,0,0,0,1,1,0,Draw,8,7,1
Nottm forest,Guest,6.8,2,1,1,1,3,0,0,0,1,1,0,6.8,2,1,1,1,3,0,1,0,0,0,1,Draw,8,15,0
Brighton,Home,6.9,2,1,1,1,0,1,0,2,1,1,0,6.8,2,1,1,1,3,0,0,0,1,1,0,Draw,8,4,1
Liverpool,Guest,6.8,2,1,1,1,3,0,0,0,1,1,0,6.9,2,1,1,1,0,1,0,2,1,1,0,Draw,8,10,0
West ham,Home,6.8,2,1,1,1,0,1,0,2,1,1,0,6.9,2,1,1,1,3,0,0,0,1,1,0,Draw,8,18,1
Newcatle,Guest,6.9,2,1,1,1,3,0,0,0,1,1,0,6.8,2,1,1,1,0,1,0,2,1,1,0,Draw,8,14,0
Wolves,Home,6.9,3,0,0,1,2,0,1,0,1,1,1,6.9,2,1,1,2,2,0,1,0,0,0,1,Draw,8,19,1
Aston Villa,Guest,6.9,2,1,1,2,2,0,1,0,0,0,1,6.9,3,0,0,1,2,0,1,0,1,1,1,Draw,8,1,0
Arsenal,Home,7.0,2,1,1,1,3,0,0,0,1,1,0,6.5,2,1,1,1,3,0,0,0,1,1,0,Win,8,0,1
Man city,Guest,6.5,2,1,1,1,3,0,0,0,1,1,0,7.0,2,1,1,1,3,0,0,0,1,1,0,Lost,8,12,0
Liverpool,Home,7.5,2,1,1,1,3,0,0,0,1,1,0,6.6,2,1,1,1,2,1,1,0,0,0,1,Win,9,10,1
Everton,Guest,6.6,2,1,1,1,2,1,1,0,0,0,1,7.5,2,1,1,1,3,0,0,0,1,1,0,Lost,9,8,0
Bournemouth,Home,6.3,2,1,1,1,0,1,0,2,1,1,0,7.6,3,0,0,1,2,0,1,0,1,1,1,Lost,9,2,1
Wolves,Guest,7.6,3,0,0,1,2,0,1,0,1,1,1,6.3,2,1,1,1,0,1,0,2,1,1,0,Win,9,19,0
Brentford,Home,7.6,2,1,1,1,3,0,0,0,1,1,0,6.2,2,1,1,1,0,1,0,2,1,1,0,Win,9,3,1
Burnley,Guest,6.2,2,1,1,1,0,1,0,2,1,1,0,7.6,2,1,1,1,3,0,0,0,1,1,0,Lost,9,5,0
Man city,Home,7.1,3,0,0,1,0,2,0,2,1,1,0,6.2,2,1,1,1,0,1,0,2,1,1,0,Win,9,12,1
Brighton,Guest,6.2,2,1,1,1,0,1,0,2,1,1,0,7.1,3,0,0,1,0,2,0,2,1,1,0,Lost,9,4,0
Newcatle,Home,7.3,2,1,1,1,3,0,0,0,1,1,0,6.2,2,1,1,1,3,0,0,0,1,1,0,Win,9,14,1
Crystal palace,Guest,6.2,2,1,1,1,3,0,0,0,1,1,0,7.3,2,1,1,1,3,0,0,0,1,1,0,Lost,9,7,0
Nottm forest,Home,7.0,2,1,1,1,3,0,0,0,1,1,0,6.8,2,1,1,1,0,1,0,2,1,1,0,Draw,9,15,1
Luton,Guest,6.8,2,1,1,1,0,1,0,2,1,1,0,7.0,2,1,1,1,3,0,0,0,1,1,0,Draw,9,11,0
Chelsea,Home,6.7,2,1,1,1,0,1,0,2,1,1,0,6.9,2,1,1,1,3,0,0,0,1,1,0,Draw,9,6,1
Arsenal,Guest,6.9,2,1,1,1,3,0,0,0,1,1,0,6.7,2,1,1,1,0,1,0,2,1,1,0,Draw,9,0,0
Sheffiled utd,Home,6.6,2,1,1,2,2,0,1,0,0,0,1,7.4,2,1,1,1,0,1,0,2,1,1,0,Lost,9,16,1
Man utd,Guest,7.4,2,1,1,1,0,1,0,2,1,1,0,6.6,2,1,1,2,2,0,1,0,0,0,1,Win,9,13,0
Aston Villa,Home,7.7,2,1,1,2,2,0,1,0,0,0,1,6.2,2,1,1,1,0,1,0,2,1,1,0,Win,9,1,1
West ham,Guest,6.2,2,1,1,1,0,1,0,2,1,1,0,7.7,2,1,1,2,2,0,1,0,0,0,1,Lost,9,18,0
Tottenham,Home,7.5,2,1,1,1,0,1,0,2,1,1,0,6.3,2,1,1,1,0,1,0,2,1,1,0,Win,9,17,1
Fulham,Guest,6.3,2,1,1,1,0,1,0,2,1,1,0,7.5,2,1,1,1,0,1,0,2,1,1,0,Lost,9,9,0
Crystal palace,Home,6.3,2,1,1,2,2,0,1,0,0,0,1,7.2,2,1,1,1,0,1,0,2,1,1,0,Lost,10,7,1
Tottenham,Guest,7.2,2,1,1,1,0,1,0,2,1,1,0,6.3,2,1,1,2,2,0,1,0,0,0,1,Win,10,17,0
Chelsea,Home,6.9,2,1,1,1,0,1,0,2,1,1,0,7.3,3,0,0,2,3,0,1,0,0,0,1,Lost,10,6,1
Brentford,Guest,7.3,3,0,0,2,3,0,1,0,0,0,1,6.9,2,1,1,1,0,1,0,2,1,1,0,Win,10,3,0
Bournemouth,Home,7.3,3,0,0,1,2,2,1,0,0,0,1,6.4,2,1,1,1,3,0,0,0,1,1,0,Win,10,2,1
Burnley,Guest,6.4,2,1,1,1,3,0,0,0,1,1,0,7.3,3,0,0,1,2,2,1,0,0,0,1,Lost,10,5,0
Arsenal,Home,7.4,2,1,1,1,3,0,0,0,1,1,0,6.0,2,1,1,1,3,0,1,0,0,0,1,Win,10,0,1
Sheffiled utd,Guest,6.0,2,1,1,1,3,0,1,0,0,0,1,7.4,2,1,1,1,3,0,0,0,1,1,0,Lost,10,16,0
Wolves,Home,7.2,2,1,1,2,2,0,1,0,0,0,1,6.8,2,1,1,1,3,0,0,0,1,1,0,Draw,10,19,1
Newcatle,Guest,6.8,2,1,1,1,3,0,0,0,1,1,0,7.2,2,1,1,2,2,0,1,0,0,0,1,Draw,10,14,0
West ham,Home,6.6,2,1,1,1,0,1,0,2,1,1,0,7.6,2,1,1,1,2,1,1,0,0,0,1,Lost,10,18,1
Everton,Guest,7.6,2,1,1,1,2,1,1,0,0,0,1,6.6,2,1,1,1,0,1,0,2,1,1,0,Win,10,8,0
Aston Villa,Home,7.1,2,1,1,2,2,0,1,0,0,0,1,6.1,3,1,1,2,3,0,0,0,0,0,0,Win,10,1,1
Luton,Guest,6.1,3,1,1,2,3,0,0,0,0,0,0,7.1,2,1,1,2,2,0,1,0,0,0,1,Lost,10,11,0
Brighton,Home,6.9,3,0,0,1,0,2,0,2,1,1,0,7.0,2,1,1,1,0,1,0,2,1,1,0,Draw,10,4,1
Fulham,Guest,7.0,2,1,1,1,0,1,0,2,1,1,0,6.9,3,0,0,1,0,2,0,2,1,1,0,Draw,10,9,0
Liverpool,Home,7.4,2,1,1,1,3,0,0,0,1,1,0,6.3,3,1,1,1,2,0,1,0,0,0,1,Win,10,10,1
Nottm forest,Guest,6.3,3,1,1,1,2,0,1,0,0,0,1,7.4,2,1,1,1,3,0,0,0,1,1,0,Lost,10,15,0
Man utd,Home,6.4,2,1,1,1,0,1,0,2,1,1,0,8.0,3,0,0,1,0,2,0,2,1,1,0,Lost,10,13,1
Man city,Guest,8.0,3,0,0,1,0,2,0,2,1,1,0,6.4,2,1,1,1,0,1,0,2,1,1,0,Win,10,12,0
Fulham,Home,6.8,2,1,1,1,0,1,0,2,1,1,0,7.2,2,1,1,1,0,1,0,2,1,1,0,Lost,11,9,1
Man utd,Guest,7.2,2,1,1,1,0,1,0,2,1,1,0,6.8,2,1,1,1,0,1,0,2,1,1,0,Win,11,13,0
Brentford,Home,7.0,2,1,1,1,3,0,0,0,1,1,0,6.4,2,1,1,2,2,0,1,0,0,0,1,Win,11,3,1
West ham,Guest,6.4,2,1,1,2,2,0,1,0,0,0,1,7.0,2,1,1,1,3,0,0,0,1,1,0,Lost,11,18,0
Burnley,Home,6.5,2,1,1,2,2,0,1,0,0,0,1,7.2,2,1,1,1,0,1,0,2,1,1,0,Lost,11,5,1
Crystal palace,Guest,7.2,2,1,1,1,0,1,0,2,1,1,0,6.5,2,1,1,2,2,0,1,0,0,0,1,Win,11,7,0
Everton,Home,6.8,2,1,1,1,2,1,1,0,0,0,1,6.6,2,1,1,1,3,0,0,0,1,1,0,Draw,11,8,1
Brighton,Guest,6.6,2,1,1,1,3,0,0,0,1,1,0,6.8,2,1,1,1,2,1,1,0,0,0,1,Draw,11,4,0
Man city,Home,7.4,3,0,0,1,0,2,0,2,1,1,0,5.7,3,1,1,1,2,0,1,0,0,0,1,Win,11,12,1
Bournemouth,Guest,5.7,3,1,1,1,2,0,1,0,0,0,1,7.4,3,0,0,1,0,2,0,2,1,1,0,Lost,11,2,0
Sheffiled utd,Home,7.1,3,0,0,2,2,1,1,0,0,0,1,6.8,3,0,0,1,2,0,1,0,1,1,1,Win,11,16,1
Wolves,Guest,6.8,3,0,0,1,2,0,1,0,1,1,1,7.1,3,0,0,2,2,1,1,0,0,0,1,Lost,11,19,0
Newcatle,Home,7.0,2,1,1,1,3,0,0,0,1,1,0,6.6,2,1,1,1,3,0,0,0,1,1,0,Win,11,14,1
Arsenal,Guest,6.6,2,1,1,1,3,0,0,0,1,1,0,7.0,2,1,1,1,3,0,0,0,1,1,0,Lost,11,0,0
Nottm forest,Home,7.3,2,1,1,1,3,0,0,0,1,1,0,6.4,2,1,1,2,2,0,1,0,0,0,1,Win,11,15,1
Aston Villa,Guest,6.4,2,1,1,2,2,0,1,0,0,0,1,7.3,2,1,1,1,3,0,0,0,1,1,0,Lost,11,1,0
Luton,Home,7.1,3,0,0,1,2,2,1,0,0,0,1,7.0,2,1,1,1,3,0,0,0,1,1,0,Draw,11,11,1
Liverpool,Guest,7.0,2,1,1,1,3,0,0,0,1,1,0,7.1,3,0,0,1,2,2,1,0,0,0,1,Draw,11,10,0
Chelsea,Guest,6.5,2,1,1,1,0,1,0,2,1,1,0,7.5,2,1,1,1,0,1,0,2,1,1,0,Win,11,6,0
Tottenham,Home,7.5,2,1,1,1,0,1,0,2,1,1,0,6.5,2,1,1,1,0,1,0,2,1,1,0,Lost,11,17,1
Wolves,Home,7.2,3,0,0,2,3,0,1,0,0,0,1,6.6,2,1,1,1,3,0,0,0,1,1,0,Win,12,19,1
Tottenham,Guest,6.6,2,1,1,1,3,0,0,0,1,1,0,7.2,3,0,0,2,3,0,1,0,0,0,1,Lost,12,17,0
Arsenal,Home,7.4,2,1,1,1,3,0,0,0,1,1,0,6.2,2,1,1,2,2,0,1,0,0,0,1,Win,12,0,1
Burnley,Guest,6.2,2,1,1,2,2,0,1,0,0,0,1,7.4,2,1,1,1,3,0,0,0,1,1,0,Lost,12,5,0
Crystal palace,Home,6.7,2,1,1,1,0,1,0,2,1,1,0,7.2,2,1,1,1,2,1,1,0,0,0,1,Lost,12,7,1
Everton,Guest,7.2,2,1,1,1,2,1,1,0,0,0,1,6.7,2,1,1,1,0,1,0,2,1,1,0,Win,12,8,0
Man utd,Home,7.1,2,1,1,1,0,1,0,2,1,1,0,6.7,3,0,0,1,2,2,1,0,0,0,1,Win,12,13,1
Luton,Guest,6.7,3,0,0,1,2,2,1,0,0,0,1,7.1,2,1,1,1,0,1,0,2,1,1,0,Lost,12,11,0
Bournemouth,Home,7.5,2,1,1,1,0,1,0,2,1,1,0,6.5,2,1,1,1,3,0,0,0,1,1,0,Win,12,2,1
Newcatle,Guest,6.5,2,1,1,1,3,0,0,0,1,1,0,7.5,2,1,1,1,0,1,0,2,1,1,0,Lost,12,14,0
Aston Villa,Home,7.2,2,1,1,2,2,0,1,0,0,0,1,6.3,2,1,1,1,0,1,0,2,1,1,0,Win,12,1,1
Fulham,Guest,6.3,2,1,1,1,0,1,0,2,1,1,0,7.2,2,1,1,2,2,0,1,0,0,0,1,Lost,12,9,0
Brighton,Home,6.6,2,1,1,1,0,1,0,2,1,1,0,6.9,3,0,0,1,2,2,1,0,0,0,1,Draw,12,4,1
Sheffiled utd,Guest,6.9,3,0,0,1,2,2,1,0,0,0,1,6.6,2,1,1,1,0,1,0,2,1,1,0,Draw,12,16,0
Liverpool,Home,7.8,2,1,1,1,3,0,0,0,1,1,0,6.5,3,1,1,2,3,0,0,0,0,0,0,Win,12,10,1
Brentford,Guest,6.5,3,1,1,2,3,0,0,0,0,0,0,7.8,2,1,1,1,3,0,0,0,1,1,0,Lost,12,3,0
West ham,Home,7.3,2,1,1,1,0,1,0,2,1,1,0,6.5,2,1,1,1,3,0,0,0,1,1,0,Win,12,18,1
Nottm forest,Guest,6.5,2,1,1,1,3,0,0,0,1,1,0,7.3,2,1,1,1,0,1,0,2,1,1,0,Lost,12,15,0
Chelsea,Home,6.8,2,1,1,1,0,1,0,2,1,1,0,7.3,3,0,0,1,0,2,0,2,1,1,0,Draw,12,6,1
Man city,Guest,7.3,3,0,0,1,0,2,0,2,1,1,0,6.8,2,1,1,1,0,1,0,2,1,1,0,Draw,12,12,0
Fulham,Home,7.4,2,1,1,1,0,1,0,2,1,1,0,6.7,3,0,0,2,3,0,1,0,0,0,1,Win,13,9,1
Wolves,Guest,6.7,3,0,0,2,3,0,1,0,0,0,1,7.4,2,1,1,1,0,1,0,2,1,1,0,Lost,13,19,0
Everton,Home,6.4,2,1,1,1,2,1,1,0,0,0,1,7.5,2,1,1,1,0,1,0,2,1,1,0,Lost,13,8,1
Man utd,Guest,7.5,2,1,1,1,0,1,0,2,1,1,0,6.4,2,1,1,1,2,1,1,0,0,0,1,Win,13,13,0
Tottenham,Home,7.0,2,1,1,1,0,1,0,2,1,1,0,7.3,2,1,1,2,2,0,1,0,0,0,1,Lost,13,17,1
Aston Villa,Guest,7.3,2,1,1,2,2,0,1,0,0,0,1,7.0,2,1,1,1,0,1,0,2,1,1,0,Win,13,1,0
Brentford,Home,6.7,3,1,1,2,3,0,0,0,0,0,0,7.3,2,1,1,1,3,0,0,0,1,1,0,Lost,13,3,1
Arsenal,Guest,7.3,2,1,1,1,3,0,0,0,1,1,0,6.7,3,1,1,2,3,0,0,0,0,0,0,Win,13,0,0
Sheffiled utd,Home,6.5,3,0,0,1,2,2,1,0,0,0,1,7.3,2,1,1,1,0,1,0,2,1,1,0,Lost,13,16,1
Bournemouth,Guest,7.3,2,1,1,1,0,1,0,2,1,1,0,6.5,3,0,0,1,2,2,1,0,0,0,1,Win,13,2,0
Nottm forest,Home,6.6,2,1,1,1,0,2,0,1,1,1,0,6.9,2,1,1,1,0,1,0,2,1,1,0,Lost,13,15,1
Brighton,Guest,6.9,2,1,1,1,0,1,0,2,1,1,0,6.6,2,1,1,1,0,2,0,1,1,1,0,Win,13,4,0
Newcatle,Home,7.7,2,1,1,1,3,0,0,0,1,1,0,5.9,2,1,1,1,0,1,0,2,1,1,0,Win,13,14,1
Chelsea,Guest,5.9,2,1,1,1,0,1,0,2,1,1,0,7.7,2,1,1,1,3,0,0,0,1,1,0,Lost,13,6,0
Luton,Home,7.1,3,0,0,1,2,0,1,0,1,1,1,6.5,2,1,1,1,0,1,0,2,1,1,0,Win,13,11,1
Crystal palace,Guest,6.5,2,1,1,1,0,1,0,2,1,1,0,7.1,3,0,0,1,2,0,1,0,1,1,1,Lost,13,7,0
Burnley,Home,6.5,2,1,1,2,2,0,1,0,0,0,1,7.3,2,1,1,1,0,1,0,2,1,1,0,Lost,13,5,1
West ham,Guest,7.3,2,1,1,1,0,1,0,2,1,1,0,6.5,2,1,1,2,2,0,1,0,0,0,1,Win,13,18,0
Man city,Home,7.4,3,0,0,1,0,2,0,2,1,1,0,6.6,2,1,1,1,3,0,0,0,1,1,0,Draw,13,12,1
Liverpool,Guest,6.6,2,1,1,1,3,0,0,0,1,1,0,7.4,3,0,0,1,0,2,0,2,1,1,0,Draw,13,10,0
Arsenal,Home,7.3,2,1,1,1,3,0,0,0,1,1,0,6.6,3,0,0,2,3,0,1,0,0,0,1,Win,14,0,1
Wolves,Guest,6.6,3,0,0,2,3,0,1,0,0,0,1,7.3,2,1,1,1,3,0,0,0,1,1,0,Lost,14,19,0
Brentford,Home,7.3,2,1,1,1,3,0,0,0,1,1,0,6.4,3,0,0,1,2,2,1,0,0,0,1,Win,14,3,1
Luton,Guest,6.4,3,0,0,1,2,2,1,0,0,0,1,7.3,2,1,1,1,3,0,0,0,1,1,0,Lost,14,11,0
Burnley,Home,7.6,2,1,1,2,2,0,1,0,0,0,1,5.8,3,0,0,1,2,2,1,0,0,0,1,Win,14,5,1
Sheffiled utd,Guest,5.8,3,0,0,1,2,2,1,0,0,0,1,7.6,2,1,1,2,2,0,1,0,0,0,1,Lost,14,16,0
Nottm forest,Home,6.9,2,1,1,1,3,0,0,0,1,1,0,7.3,2,1,1,1,2,1,1,0,0,0,1,Lost,14,15,1
Everton,Guest,7.3,2,1,1,1,2,1,1,0,0,0,1,6.9,2,1,1,1,3,0,0,0,1,1,0,Win,14,8,0
Newcatle,Home,7.7,2,1,1,1,3,0,0,0,1,1,0,6.3,2,1,1,1,0,1,0,2,1,1,0,Win,14,14,1
Man utd,Guest,6.3,2,1,1,1,0,1,0,2,1,1,0,7.7,2,1,1,1,3,0,0,0,1,1,0,Lost,14,13,0
Bournemouth,Home,7.0,2,1,1,1,0,1,0,2,1,1,0,6.8,2,1,1,2,2,0,1,0,0,0,1,Draw,14,2,1
Aston Villa,Guest,6.8,2,1,1,2,2,0,1,0,0,0,1,7.0,2,1,1,1,0,1,0,2,1,1,0,Draw,14,1,0
Chelsea,Home,7.0,2,1,1,1,0,1,0,2,1,1,0,6.8,2,1,1,1,0,1,0,2,1,1,0,Win,14,6,1
Brighton,Guest,6.8,2,1,1,1,0,1,0,2,1,1,0,7.0,2,1,1,1,0,1,0,2,1,1,0,Lost,14,4,0
Liverpool,Home,7.2,2,1,1,1,3,0,0,0,1,1,0,6.6,2,1,1,1,0,1,0,2,1,1,0,Win,14,10,1
Fulham,Guest,6.6,2,1,1,1,0,1,0,2,1,1,0,7.2,2,1,1,1,3,0,0,0,1,1,0,Lost,14,9,0
West ham,Home,6.9,2,1,1,1,0,1,0,2,1,1,0,7.1,2,1,1,1,0,1,0,2,1,1,0,Draw,14,18,1
Crystal palace,Guest,7.1,2,1,1,1,0,1,0,2,1,1,0,6.9,2,1,1,1,0,1,0,2,1,1,0,Draw,14,7,0
Man city,Home,7.1,3,0,0,1,0,2,0,2,1,1,0,6.6,2,1,1,1,0,1,0,2,1,1,0,Draw,14,12,1
Tottenham,Guest,6.6,2,1,1,1,0,1,0,2,1,1,0,7.1,3,0,0,1,0,2,0,2,1,1,0,Draw,14,17,0
Wolves,Home,7.3,3,0,0,1,2,0,1,0,1,1,1,6.5,2,1,1,2,2,0,1,0,0,0,1,Win,15,19,1
Burnley,Guest,6.5,2,1,1,2,2,0,1,0,0,0,1,7.3,3,0,0,1,2,0,1,0,1,1,1,Lost,15,5,0
Luton,Home,6.8,3,0,0,1,2,0,1,0,1,1,1,7.0,2,1,1,1,3,0,0,0,1,1,0,Lost,15,11,1
Arsenal,Guest,7.0,2,1,1,1,3,0,0,0,1,1,0,6.8,3,0,0,1,2,0,1,0,1,1,1,Win,15,0,0
Brighton,Home,7.3,2,1,1,1,0,1,0,2,1,1,0,6.6,2,1,1,2,2,0,1,0,0,0,1,Win,15,4,1
Brentford,Guest,6.6,2,1,1,2,2,0,1,0,0,0,1,7.3,2,1,1,1,0,1,0,2,1,1,0,Lost,15,3,0
Crystal palace,Home,6.7,2,1,1,1,0,1,0,2,1,1,0,7.1,2,1,1,1,0,1,0,2,1,1,0,Lost,15,7,1
Bournemouth,Guest,7.1,2,1,1,1,0,1,0,2,1,1,0,6.7,2,1,1,1,0,1,0,2,1,1,0,Win,15,2,0
Fulham,Home,7.6,2,1,1,1,0,1,0,2,1,1,0,5.5,2,1,1,1,0,1,0,2,1,1,0,Win,15,9,1
Nottm forest,Guest,5.5,2,1,1,1,0,1,0,2,1,1,0,7.6,2,1,1,1,0,1,0,2,1,1,0,Lost,15,15,0
Sheffiled utd,Home,6.3,2,1,1,1,0,1,0,2,1,1,0,7.4,2,1,1,1,3,0,0,0,1,1,0,Lost,15,16,1
Liverpool,Guest,7.4,2,1,1,1,3,0,0,0,1,1,0,6.3,2,1,1,1,0,1,0,2,1,1,0,Win,15,10,0
Aston Villa,Home,7.6,2,1,1,1,2,1,1,0,0,0,1,6.5,3,0,0,1,0,2,0,2,1,1,0,Win,15,1,1
Man city,Guest,6.5,3,0,0,1,0,2,0,2,1,1,0,7.6,2,1,1,1,2,1,1,0,0,0,1,Lost,15,12,0
Man utd,Home,7.5,2,1,1,1,0,2,0,1,1,1,0,6.7,2,1,1,1,0,1,0,2,1,1,0,Win,15,13,1
Chelsea,Guest,6.7,2,1,1,1,0,1,0,2,1,1,0,7.5,2,1,1,1,0,2,0,1,1,1,0,Lost,15,6,0
Everton,Home,7.5,2,1,1,1,0,1,0,2,1,1,0,6.2,2,1,1,1,3,0,0,0,1,1,0,Win,15,8,1
Newcatle,Guest,6.2,2,1,1,1,3,0,0,0,1,1,0,7.5,2,1,1,1,0,1,0,2,1,1,0,Lost,15,14,0
Tottenham,Home,6.9,2,1,1,1,0,1,0,2,1,1,0,7.5,2,1,1,1,3,0,0,0,1,1,0,Lost,15,17,1
West ham,Guest,7.5,2,1,1,1,3,0,0,0,1,1,0,6.9,2,1,1,1,0,1,0,2,1,1,0,Win,15,18,0
Crystal palace,Home,6.6,2,1,1,1,3,0,0,0,1,1,0,7.2,2,1,1,1,3,0,0,0,1,1,0,Lost,16,7,1
Liverpool,Guest,7.2,2,1,1,1,3,0,0,0,1,1,0,6.6,2,1,1,1,3,0,0,0,1,1,0,Win,16,10,0
Brighton,Home,6.9,2,1,1,1,0,1,0,2,1,1,0,7.0,2,1,1,2,2,0,1,0,0,0,1,Draw,16,4,1
Burnley,Guest,7.0,2,1,1,2,2,0,1,0,0,0,1,6.9,2,1,1,1,0,1,0,2,1,1,0,Draw,16,5,0
Man utd,Home,6.4,2,1,1,1,0,1,0,2,1,1,0,7.6,2,1,1,1,0,1,0,2,1,1,0,Lost,16,13,1
Bournemouth,Guest,7.6,2,1,1,1,0,1,0,2,1,1,0,6.4,2,1,1,1,0,1,0,2,1,1,0,Win,16,2,0
Sheffiled utd,Home,7.2,2,1,1,1,0,2,0,1,1,1,0,6.6,2,1,1,1,3,0,0,0,1,1,0,Win,16,16,1
Brentford,Guest,6.6,2,1,1,1,3,0,0,0,1,1,0,7.2,2,1,1,1,0,2,0,1,1,1,0,Lost,16,3,0
Wolves,Home,6.7,3,0,0,1,2,0,1,0,1,1,1,7.0,3,0,0,2,3,0,1,0,0,0,1,Draw,16,19,1
Nottm forest,Guest,7.0,3,0,0,2,3,0,1,0,0,0,1,6.7,3,0,0,1,2,0,1,0,1,1,1,Draw,16,15,0
Aston Villa,Home,7.0,2,1,1,1,2,1,1,0,0,0,1,6.7,2,1,1,1,3,0,0,0,1,1,0,Win,16,1,1
Arsenal,Guest,6.7,2,1,1,1,3,0,0,0,1,1,0,7.0,2,1,1,1,2,1,1,0,0,0,1,Lost,16,0,0
Everton,Home,7.1,2,1,1,1,2,1,1,0,0,0,1,6.8,2,1,1,1,0,1,0,2,1,1,0,Win,16,8,1
Chelsea,Guest,6.8,2,1,1,1,0,1,0,2,1,1,0,7.1,2,1,1,1,2,1,1,0,0,0,1,Lost,16,6,0
Fulham,Home,7.7,2,1,1,1,0,1,0,2,1,1,0,5.9,2,1,1,1,2,1,1,0,0,0,1,Win,16,9,1
West ham,Guest,5.9,2,1,1,1,2,1,1,0,0,0,1,7.7,2,1,1,1,0,1,0,2,1,1,0,Lost,16,18,0
Luton,Home,6.5,3,1,1,1,2,0,1,0,0,0,1,7.4,2,1,1,1,3,0,0,0,1,1,0,Lost,16,11,1
Man city,Guest,7.4,2,1,1,1,3,0,0,0,1,1,0,6.5,3,1,1,1,2,0,1,0,0,0,1,Win,16,12,0
Tottenham,Home,7.7,2,1,1,1,0,1,0,2,1,1,0,6.4,2,1,1,1,3,0,0,0,1,1,0,Win,16,17,1
Newcatle,Guest,6.4,2,1,1,1,3,0,0,0,1,1,0,7.7,2,1,1,1,0,1,0,2,1,1,0,Lost,16,14,0
Nottm forest,Home,6.4,3,0,0,2,3,0,1,0,0,0,1,7.2,2,1,1,1,0,1,0,2,1,1,0,Lost,17,15,1
Tottenham,Guest,7.2,2,1,1,1,0,1,0,2,1,1,0,6.4,3,0,0,2,3,0,1,0,0,0,1,Win,17,17,0
Bournemouth,Home,7.3,2,1,1,1,0,1,0,2,1,1,0,6.7,3,0,0,1,2,2,1,0,0,0,1,Win,17,2,1
Luton,Guest,6.7,3,0,0,1,2,2,1,0,0,0,1,7.3,2,1,1,1,0,1,0,2,1,1,0,Lost,17,11,0
Chelsea,Home,7.6,2,1,1,1,0,1,0,2,1,1,0,6.4,2,1,1,1,0,2,0,1,1,1,0,Win,17,6,1
Sheffiled utd,Guest,6.4,2,1,1,1,0,2,0,1,1,1,0,7.6,2,1,1,1,0,1,0,2,1,1,0,Lost,17,16,0
Man city,Home,7.3,2,1,1,1,0,1,0,2,1,1,0,6.8,3,1,1,1,2,0,1,0,0,0,1,Draw,17,12,1
Crystal palace,Guest,6.8,3,1,1,1,2,0,1,0,0,0,1,7.3,2,1,1,1,0,1,0,2,1,1,0,Draw,17,7,0
Newcatle,Home,7.7,2,1,1,1,3,0,0,0,1,1,0,6.1,2,1,1,1,0,1,0,2,1,1,0,Win,17,14,1
Fulham,Guest,6.1,2,1,1,1,0,1,0,2,1,1,0,7.7,2,1,1,1,3,0,0,0,1,1,0,Lost,17,9,0
Burnley,Home,6.5,2,1,1,2,2,0,1,0,0,0,1,7.3,3,1,1,1,2,0,1,0,0,0,1,Lost,17,5,1
Everton,Guest,7.3,3,1,1,1,2,0,1,0,0,0,1,6.5,2,1,1,2,2,0,1,0,0,0,1,Win,17,8,0
Arsenal,Home,7.6,2,1,1,1,3,0,0,0,1,1,0,6.3,2,1,1,1,0,1,0,2,1,1,0,Win,17,0,1
Brighton,Guest,6.3,2,1,1,1,0,1,0,2,1,1,0,7.6,2,1,1,1,3,0,0,0,1,1,0,Lost,17,4,0
Brentford,Home,6.4,3,0,0,2,3,0,1,0,0,0,1,7.3,3,0,0,2,3,0,1,0,0,0,1,Lost,17,3,1
Aston Villa,Guest,7.3,3,0,0,2,3,0,1,0,0,0,1,6.4,3,0,0,2,3,0,1,0,0,0,1,Win,17,1,0
West ham,Home,7.7,2,1,1,1,3,0,0,0,1,1,0,6.4,3,0,0,1,2,0,1,0,1,1,1,Win,17,18,1
Wolves,Guest,6.4,3,0,0,1,2,0,1,0,1,1,1,7.7,2,1,1,1,3,0,0,0,1,1,0,Lost,17,19,0
Liverpool,Home,7.1,2,1,1,1,3,0,0,0,1,1,0,6.9,2,1,1,1,0,1,0,2,1,1,0,Draw,17,10,1
Man utd,Guest,6.9,2,1,1,1,0,1,0,2,1,1,0,7.1,2,1,1,1,3,0,0,0,1,1,0,Draw,17,13,0
Crystal palace,Home,7.0,2,1,1,1,3,0,0,0,1,1,0,6.8,2,1,1,1,0,1,0,2,1,1,0,Draw,18,7,1
Brighton,Guest,6.8,2,1,1,1,0,1,0,2,1,1,0,7.0,2,1,1,1,3,0,0,0,1,1,0,Draw,18,4,0
Aston Villa,Home,6.6,2,1,1,1,2,1,1,0,0,0,1,7.0,3,1,1,2,3,0,0,0,0,0,0,Draw,18,1,1
Sheffiled utd,Guest,7.0,3,1,1,2,3,0,0,0,0,0,0,6.6,2,1,1,1,2,1,1,0,0,0,1,Draw,18,16,0
West ham,Home,7.5,2,1,1,1,0,1,0,2,1,1,0,6.4,2,1,1,1,0,1,0,2,1,1,0,Win,18,18,1
Man utd,Guest,6.4,2,1,1,1,0,1,0,2,1,1,0,7.5,2,1,1,1,0,1,0,2,1,1,0,Lost,18,13,0
Fulham,Home,6.6,2,1,1,1,0,1,0,2,1,1,0,7.1,2,1,1,2,2,0,1,0,0,0,1,Lost,18,9,1
Burnley,Guest,7.1,2,1,1,2,2,0,1,0,0,0,1,6.6,2,1,1,1,0,1,0,2,1,1,0,Win,18,5,0
Luton,Home,7.0,3,0,0,1,2,2,1,0,0,0,1,6.8,2,1,1,1,3,0,0,0,1,1,0,Win,18,11,1
Newcatle,Guest,6.8,2,1,1,1,3,0,0,0,1,1,0,7.0,3,0,0,1,2,2,1,0,0,0,1,Lost,18,14,0
Nottm forest,Home,6.7,2,1,1,1,0,1,0,2,1,1,0,7.1,2,1,1,1,0,1,0,2,1,1,0,Lost,18,15,1
Bournemouth,Guest,7.1,2,1,1,1,0,1,0,2,1,1,0,6.7,2,1,1,1,0,1,0,2,1,1,0,Win,18,2,0
Tottenham,Home,7.4,2,1,1,1,0,1,0,2,1,1,0,6.7,2,1,1,1,0,1,0,2,1,1,0,Win,18,17,1
Everton,Guest,6.7,2,1,1,1,0,1,0,2,1,1,0,7.4,2,1,1,1,0,1,0,2,1,1,0,Lost,18,8,0
Liverpool,Home,6.9,2,1,1,1,3,0,0,0,1,1,0,7.0,2,1,1,1,3,0,0,0,1,1,0,Draw,18,10,1
Arsenal,Guest,7.0,2,1,1,1,3,0,0,0,1,1,0,6.9,2,1,1,1,3,0,0,0,1,1,0,Draw,18,0,0
Wolves,Home,7.1,3,0,0,1,2,0,1,0,1,1,1,6.5,2,1,1,2,2,0,1,0,0,0,1,Win,18,19,1
Chelsea,Guest,6.5,2,1,1,2,2,0,1,0,0,0,1,7.1,3,0,0,1,2,0,1,0,1,1,1,Lost,18,6,0
Man city,Home,7.7,2,1,1,1,0,2,0,1,1,1,0,6.5,3,0,0,2,3,0,1,0,0,0,1,Win,18,12,1
Brentford,Guest,6.5,3,0,0,2,3,0,1,0,0,0,1,7.7,2,1,1,1,0,2,0,1,1,1,0,Lost,18,3,0
Newcatle,Home,6.4,2,1,1,1,3,0,0,0,1,1,0,7.4,2,1,1,1,0,1,0,2,1,1,0,Lost,19,14,1
Nottm forest,Guest,7.4,2,1,1,1,0,1,0,2,1,1,0,6.4,2,1,1,1,3,0,0,0,1,1,0,Win,19,15,0
Bournemouth,Home,7.5,2,1,1,1,0,1,0,2,1,1,0,6.5,2,1,1,1,0,1,0,2,1,1,0,Win,19,2,1
Fulham,Guest,6.5,2,1,1,1,0,1,0,2,1,1,0,7.5,2,1,1,1,0,1,0,2,1,1,0,Lost,19,9,0
Sheffiled utd,Home,6.5,2,1,1,2,2,0,1,0,0,0,1,7.1,3,0,0,1,2,2,1,0,0,0,1,Lost,19,16,1
Luton,Guest,7.1,3,0,0,1,2,2,1,0,0,0,1,6.5,2,1,1,2,2,0,1,0,0,0,1,Win,19,11,0
Burnley,Home,6.6,2,1,1,2,2,0,1,0,0,0,1,7.3,2,1,1,1,3,0,0,0,1,1,0,Lost,19,5,1
Liverpool,Guest,7.3,2,1,1,1,3,0,0,0,1,1,0,6.6,2,1,1,2,2,0,1,0,0,0,1,Win,19,10,0
Man utd,Home,7.4,2,1,1,1,0,1,0,2,1,1,0,6.5,2,1,1,1,0,1,0,2,1,1,0,Win,19,13,1
Aston Villa,Guest,6.5,2,1,1,1,0,1,0,2,1,1,0,7.4,2,1,1,1,0,1,0,2,1,1,0,Lost,19,1,0
Brentford,Home,6.2,2,1,1,1,3,0,0,0,1,1,0,7.6,3,0,0,1,2,2,1,0,0,0,1,Lost,19,3,1
Wolves,Guest,7.6,3,0,0,1,2,2,1,0,0,0,1,6.2,2,1,1,1,3,0,0,0,1,1,0,Win,19,19,0
Chelsea,Home,7.1,2,1,1,1,0,1,0,2,1,1,0,6.9,2,1,1,1,3,0,0,0,1,1,0,Win,19,6,1
Crystal palace,Guest,6.9,2,1,1,1,3,0,0,0,1,1,0,7.1,2,1,1,1,0,1,0,2,1,1,0,Lost,19,7,0
Everton,Home,6.5,2,1,1,1,0,1,0,2,1,1,0,7.4,2,1,1,1,0,1,0,2,1,1,0,Lost,19,8,1
Man city,Guest,7.4,2,1,1,1,0,1,0,2,1,1,0,6.5,2,1,1,1,0,1,0,2,1,1,0,Win,19,12,0
Brighton,Home,7.1,2,1,1,2,2,1,0,1,0,0,0,6.9,2,1,1,1,0,1,0,2,1,1,0,Win,19,4,1
Tottenham,Guest,6.9,2,1,1,1,0,1,0,2,1,1,0,7.1,2,1,1,2,2,1,0,1,0,0,0,Lost,19,17,0
Arsenal,Home,6.9,2,1,1,1,3,0,0,0,1,1,0,7.4,2,1,1,1,0,1,0,2,1,1,0,Lost,19,0,1
West ham,Guest,7.4,2,1,1,1,0,1,0,2,1,1,0,6.9,2,1,1,1,3,0,0,0,1,1,0,Win,19,18,0
Luton,Home,6.5,3,0,0,1,2,2,1,0,0,0,1,7.3,2,1,1,1,0,1,0,2,1,1,0,Lost,20,11,1
Chelsea,Guest,7.3,2,1,1,1,0,1,0,2,1,1,0,6.5,3,0,0,1,2,2,1,0,0,0,1,Win,20,6,0
Aston Villa,Home,7.3,2,1,1,1,2,1,1,0,0,0,1,6.4,2,1,1,2,2,0,1,0,0,0,1,Win,20,1,1
Burnley,Guest,6.4,2,1,1,2,2,0,1,0,0,0,1,7.3,2,1,1,1,2,1,1,0,0,0,1,Lost,20,5,0
Crystal palace,Home,7.8,2,1,1,1,3,0,0,0,1,1,0,6.5,3,0,0,2,3,0,1,0,0,0,1,Win,20,7,1
Brentford,Guest,6.5,3,0,0,2,3,0,1,0,0,0,1,7.8,2,1,1,1,3,0,0,0,1,1,0,Lost,20,3,0
Man city,Home,7.5,2,1,1,1,0,1,0,2,1,1,0,6.3,3,1,1,2,3,0,0,0,0,0,0,Win,20,12,1
Sheffiled utd,Guest,6.3,3,1,1,2,3,0,0,0,0,0,0,7.5,2,1,1,1,0,1,0,2,1,1,0,Lost,20,16,0
Wolves,Home,7.4,3,0,0,1,2,2,1,0,0,0,1,6.4,3,1,1,1,2,0,1,0,0,0,1,Win,20,19,1
Everton,Guest,6.4,3,1,1,1,2,0,1,0,0,0,1,7.4,3,0,0,1,2,2,1,0,0,0,1,Lost,20,8,0
Nottm forest,Home,7.3,2,1,1,1,0,1,0,2,1,1,0,6.5,2,1,1,1,0,1,0,2,1,1,0,Win,20,15,1
Man utd,Guest,6.5,2,1,1,1,0,1,0,2,1,1,0,7.3,2,1,1,1,0,1,0,2,1,1,0,Lost,20,13,0
Fulham,Home,7.1,2,1,1,1,0,1,0,2,1,1,0,6.6,2,1,1,1,3,0,0,0,1,1,0,Win,20,9,1
Arsenal,Guest,6.6,2,1,1,1,3,0,0,0,1,1,0,7.1,2,1,1,1,0,1,0,2,1,1,0,Lost,20,0,0
Tottenham,Home,7.4,2,1,1,1,0,1,0,2,1,1,0,6.6,2,1,1,1,0,1,0,2,1,1,0,Win,20,17,1
Bournemouth,Guest,6.6,2,1,1,1,0,1,0,2,1,1,0,7.4,2,1,1,1,0,1,0,2,1,1,0,Lost,20,2,0
Liverpool,Home,7.4,2,1,1,1,3,0,0,0,1,1,0,6.9,2,1,1,1,3,0,0,0,1,1,0,Win,20,10,1
Newcatle,Guest,6.9,2,1,1,1,3,0,0,0,1,1,0,7.4,2,1,1,1,3,0,0,0,1,1,0,Lost,20,14,0
West ham,Home,7.1,2,1,1,1,0,1,0,2,1,1,0,7.1,2,1,1,2,0,0,0,2,1,1,0,Draw,20,18,1
Brighton,Guest,7.1,2,1,1,2,0,0,0,2,1,1,0,7.1,2,1,1,1,0,1,0,2,1,1,0,Draw,20,4,0
Burnley,Home,7.0,2,1,1,2,2,0,1,0,0,0,1,7.2,3,0,0,1,2,2,1,0,0,0,1,Draw,21,5,1
Luton,Guest,7.2,3,0,0,1,2,2,1,0,0,0,1,7.0,2,1,1,2,2,0,1,0,0,0,1,Draw,21,11,0
Chelsea,Home,7.5,2,1,1,1,0,1,0,2,1,1,0,6.8,2,1,1,1,0,1,0,2,1,1,0,Win,21,6,1
Fulham,Guest,6.8,2,1,1,1,0,1,0,2,1,1,0,7.5,2,1,1,1,0,1,0,2,1,1,0,Lost,21,9,0
Newcatle,Home,7.0,2,1,1,1,3,0,0,0,1,1,0,7.4,2,1,1,1,0,1,0,2,1,1,0,Lost,21,14,1
Man city,Guest,7.4,2,1,1,1,0,1,0,2,1,1,0,7.0,2,1,1,1,3,0,0,0,1,1,0,Win,21,12,0
Everton,Home,7.0,2,1,1,1,0,1,0,2,1,1,0,6.9,2,1,1,2,2,0,1,0,0,0,1,Draw,21,8,1
Aston Villa,Guest,6.9,2,1,1,2,2,0,1,0,0,0,1,7.0,2,1,1,1,0,1,0,2,1,1,0,Draw,21,1,0
Man utd,Home,6.9,2,1,1,1,0,1,0,2,1,1,0,7.0,2,1,1,1,3,0,0,0,1,1,0,Draw,21,13,1
Tottenham,Guest,7.0,2,1,1,1,3,0,0,0,1,1,0,6.9,2,1,1,1,0,1,0,2,1,1,0,Draw,21,17,0
Arsenal,Home,7.7,2,1,1,1,3,0,0,0,1,1,0,6.0,3,0,0,1,2,0,1,0,1,1,1,Win,21,0,1
Crystal palace,Guest,6.0,3,0,0,1,2,0,1,0,1,1,1,7.7,2,1,1,1,3,0,0,0,1,1,0,Lost,21,7,0
Brentford,Home,7.2,3,0,0,2,3,0,1,0,0,0,1,6.6,2,1,1,1,0,1,0,2,1,1,0,Win,21,3,1
Nottm forest,Guest,6.6,2,1,1,1,0,1,0,2,1,1,0,7.2,3,0,0,2,3,0,1,0,0,0,1,Lost,21,15,0
Sheffiled utd,Home,7.0,2,1,1,1,3,0,1,0,0,0,1,6.9,2,1,1,2,2,0,1,0,0,0,1,Draw,21,16,1
West ham,Guest,6.9,2,1,1,2,2,0,1,0,0,0,1,7.0,2,1,1,1,3,0,1,0,0,0,1,Draw,21,18,0
Bournemouth,Home,6.2,2,1,1,1,0,1,0,2,1,1,0,7.7,2,1,1,1,3,0,0,0,1,1,0,Lost,21,2,1
Liverpool,Guest,7.7,2,1,1,1,3,0,0,0,1,1,0,6.2,2,1,1,1,0,1,0,2,1,1,0,Win,21,10,0
Brighton,Home,6.9,2,1,1,2,0,1,0,3,0,0,0,6.9,3,0,0,1,2,2,1,0,0,0,1,Draw,21,4,1
Wolves,Guest,6.9,3,0,0,1,2,2,1,0,0,0,1,6.9,2,1,1,2,0,1,0,3,0,0,0,Draw,21,19,0
Nottm forest,Home,6.4,2,1,1,1,0,1,0,2,1,1,0,7.4,2,1,1,1,3,0,0,0,1,1,0,Lost,22,15,1
Arsenal,Guest,7.4,2,1,1,1,3,0,0,0,1,1,0,6.4,2,1,1,1,0,1,0,2,1,1,0,Win,22,0,0
Fulham,Home,7.0,2,1,1,1,0,1,0,2,1,1,0,7.3,2,1,1,1,2,1,1,0,0,0,1,Draw,22,9,1
Everton,Guest,7.3,2,1,1,1,2,1,1,0,0,0,1,7.0,2,1,1,1,0,1,0,2,1,1,0,Draw,22,8,0
Luton,Home,7.7,3,0,0,1,2,2,1,0,0,0,1,6.1,3,0,0,2,2,1,1,0,0,0,1,Win,22,11,1
Brighton,Guest,6.1,3,0,0,2,2,1,1,0,0,0,1,7.7,3,0,0,1,2,2,1,0,0,0,1,Lost,22,4,0
Crystal palace,Home,7.2,2,1,1,1,0,1,0,2,1,1,0,6.5,2,1,1,1,0,2,0,1,1,1,0,Win,22,7,1
Sheffiled utd,Guest,6.5,2,1,1,1,0,2,0,1,1,1,0,7.2,2,1,1,1,0,1,0,2,1,1,0,Lost,22,16,0
Aston Villa,Home,6.3,2,1,1,2,2,0,1,0,0,0,1,7.3,2,1,1,1,3,0,0,0,1,1,0,Lost,22,1,1
Newcatle,Guest,7.3,2,1,1,1,3,0,0,0,1,1,0,6.3,2,1,1,2,2,0,1,0,0,0,1,Win,22,14,0
Man city,Home,7.4,3,0,0,1,0,2,0,2,1,1,0,6.2,2,1,1,2,2,0,1,0,0,0,1,Win,22,12,1
Burnley,Guest,6.2,2,1,1,2,2,0,1,0,0,0,1,7.4,3,0,0,1,0,2,0,2,1,1,0,Lost,22,5,0
Tottenham,Home,7.3,2,1,1,1,0,1,0,2,1,1,0,6.6,3,0,0,2,3,0,1,0,0,0,1,Win,22,17,1
Brentford,Guest,6.6,3,0,0,2,3,0,1,0,0,0,1,7.3,2,1,1,1,0,1,0,2,1,1,0,Lost,22,3,0
Liverpool,Home,7.5,2,1,1,1,3,0,0,0,1,1,0,6.1,2,1,1,1,0,1,0,2,1,1,0,Win,22,10,1
Chelsea,Guest,6.1,2,1,1,1,0,1,0,2,1,1,0,7.5,2,1,1,1,3,0,0,0,1,1,0,Lost,22,6,0
West ham,Home,7.1,2,1,1,1,0,2,0,3,0,0,0,6.8,2,1,1,1,0,1,0,2,1,1,0,Draw,22,18,1
Bournemouth,Guest,6.8,2,1,1,1,0,1,0,2,1,1,0,7.1,2,1,1,1,0,2,0,3,0,0,0,Draw,22,2,0
Wolves,Home,6.9,3,0,0,1,2,2,1,0,0,0,1,7.3,2,1,1,1,0,1,0,2,1,1,0,Lost,22,19,1
Man utd,Guest,7.3,2,1,1,1,0,1,0,2,1,1,0,6.9,3,0,0,1,2,2,1,0,0,0,1,Win,22,13,0
Everton,Home,7.2,2,1,1,1,2,1,1,0,0,0,1,6.9,2,1,1,1,0,1,0,2,1,1,0,Draw,23,8,1
Tottenham,Guest,6.9,2,1,1,1,0,1,0,2,1,1,0,7.2,2,1,1,1,2,1,1,0,0,0,1,Draw,23,17,0
Brighton,Home,7.5,3,0,0,1,2,2,1,0,0,0,1,6.0,2,1,1,1,3,0,0,0,1,1,0,Win,23,4,1
Crystal palace,Guest,6.0,2,1,1,1,3,0,0,0,1,1,0,7.5,3,0,0,1,2,2,1,0,0,0,1,Lost,23,7,0
Burnley,Home,7.0,2,1,1,2,2,0,1,0,0,0,1,6.7,2,1,1,1,0,1,0,2,1,1,0,Draw,23,5,1
Fulham,Guest,6.7,2,1,1,1,0,1,0,2,1,1,0,7.0,2,1,1,2,2,0,1,0,0,0,1,Draw,23,9,0
Newcatle,Home,6.9,2,1,1,1,3,0,0,0,1,1,0,6.9,3,0,0,1,2,2,1,0,0,0,1,Draw,23,14,1
Luton,Guest,6.9,3,0,0,1,2,2,1,0,0,0,1,6.9,2,1,1,1,3,0,0,0,1,1,0,Draw,23,11,0
Sheffiled utd,Home,5.7,3,1,1,1,2,0,1,0,0,0,1,7.5,2,1,1,1,2,1,1,0,0,0,1,Lost,23,16,1
Aston Villa,Guest,7.5,2,1,1,1,2,1,1,0,0,0,1,5.7,3,1,1,1,2,0,1,0,0,0,1,Win,23,1,0
Nottm forest,Guest,6.9,2,1,1,1,0,1,0,2,1,1,0,6.6,2,1,1,1,0,1,0,2,1,1,0,Draw,23,15,0
Bournemouth,Home,6.6,2,1,1,1,0,1,0,2,1,1,0,6.9,2,1,1,1,0,1,0,2,1,1,0,Draw,23,2,1
Chelsea,Home,6.5,2,1,1,1,0,1,0,2,1,1,0,7.3,3,0,0,1,2,2,1,0,0,0,1,Lost,23,6,1
Wolves,Guest,7.3,3,0,0,1,2,2,1,0,0,0,1,6.5,2,1,1,1,0,1,0,2,1,1,0,Win,23,19,0
Man utd,Home,7.6,2,1,1,1,0,1,0,2,1,1,0,6.5,2,1,1,1,0,1,0,2,1,1,0,Win,23,13,1
West ham,Guest,6.5,2,1,1,1,0,1,0,2,1,1,0,7.6,2,1,1,1,0,1,0,2,1,1,0,Lost,23,18,0
Arsenal,Home,7.2,2,1,1,1,3,0,0,0,1,1,0,6.2,2,1,1,1,3,0,0,0,1,1,0,Win,23,0,1
Liverpool,Guest,6.2,2,1,1,1,3,0,0,0,1,1,0,7.2,2,1,1,1,3,0,0,0,1,1,0,Lost,23,10,0
Brentford,Home,6.6,3,0,0,2,3,0,1,0,0,0,1,7.8,2,1,1,1,0,2,0,1,1,1,0,Lost,23,3,1
Man city,Guest,7.8,2,1,1,1,0,2,0,1,1,1,0,6.6,3,0,0,2,3,0,1,0,0,0,1,Win,23,12,0
Man city,Home,7.4,3,0,0,1,0,2,0,2,1,1,0,6.3,2,1,1,1,0,1,0,2,1,1,0,Win,24,12,1
Everton,Guest,6.3,2,1,1,1,0,1,0,2,1,1,0,7.4,3,0,0,1,0,2,0,2,1,1,0,Lost,24,8,0
Fulham,Home,7.3,2,1,1,1,0,1,0,2,1,1,0,6.4,2,1,1,1,0,1,0,2,1,1,0,Win,24,9,1
Bournemouth,Guest,6.4,2,1,1,1,0,1,0,2,1,1,0,7.3,2,1,1,1,0,1,0,2,1,1,0,Lost,24,2,0
Liverpool,Home,7.7,2,1,1,1,3,0,0,0,1,1,0,6.4,2,1,1,2,2,0,1,0,0,0,1,Win,24,10,1
Burnley,Guest,6.4,2,1,1,2,2,0,1,0,0,0,1,7.7,2,1,1,1,3,0,0,0,1,1,0,Lost,24,5,0
Luton,Home,6.7,3,0,0,1,2,2,1,0,0,0,1,7.4,3,1,1,1,2,0,1,0,0,0,1,Lost,24,11,1
Sheffiled utd,Guest,7.4,3,1,1,1,2,0,1,0,0,0,1,6.7,3,0,0,1,2,2,1,0,0,0,1,Win,24,16,0
Tottenham,Home,7.2,2,1,1,1,0,1,0,2,1,1,0,6.7,2,1,1,1,3,0,0,0,1,1,0,Win,24,17,1
Brighton,Guest,6.7,2,1,1,1,3,0,0,0,1,1,0,7.2,2,1,1,1,0,1,0,2,1,1,0,Lost,24,4,0
Wolves,Home,6.7,3,0,0,1,2,2,1,0,0,0,1,7.2,3,0,0,2,3,0,1,0,0,0,1,Lost,24,19,1
Brentford,Guest,7.2,3,0,0,2,3,0,1,0,0,0,1,6.7,3,0,0,1,2,2,1,0,0,0,1,Win,24,3,0
Nottm forest,Home,6.4,2,1,1,1,0,1,0,2,1,1,0,7.2,2,1,1,1,3,0,0,0,1,1,0,Lost,24,15,1
Newcatle,Guest,7.2,2,1,1,1,3,0,0,0,1,1,0,6.4,2,1,1,1,0,1,0,2,1,1,0,Win,24,14,0
West ham,Home,5.5,2,1,1,1,0,1,0,2,1,1,0,7.5,2,1,1,1,3,0,0,0,1,1,0,Lost,24,18,1
Arsenal,Guest,7.5,2,1,1,1,3,0,0,0,1,1,0,5.5,2,1,1,1,0,1,0,2,1,1,0,Win,24,0,0
Aston Villa,Home,6.6,2,1,1,1,0,1,0,2,1,1,0,7.6,2,1,1,1,0,1,0,2,1,1,0,Lost,24,1,1
Man utd,Guest,7.6,2,1,1,1,0,1,0,2,1,1,0,6.6,2,1,1,1,0,1,0,2,1,1,0,Win,24,13,0
Crystal palace,Home,6.4,2,1,1,1,3,0,0,0,1,1,0,7.4,2,1,1,1,0,1,0,2,1,1,0,Lost,24,7,1
Chelsea,Guest,7.4,2,1,1,1,0,1,0,2,1,1,0,6.4,2,1,1,1,3,0,0,0,1,1,0,Win,24,6,0
Brentford,Home,6.3,3,0,0,2,3,0,1,0,0,0,1,7.6,2,1,1,1,3,0,0,0,1,1,0,Lost,25,3,1
Liverpool,Guest,7.6,2,1,1,1,3,0,0,0,1,1,0,6.3,3,0,0,2,3,0,1,0,0,0,1,Win,25,10,0
Burnley,Home,5.9,2,1,1,2,2,0,1,0,0,0,1,7.4,2,1,1,1,3,0,0,0,1,1,0,Lost,25,5,1
Arsenal,Guest,7.4,2,1,1,1,3,0,0,0,1,1,0,5.9,2,1,1,2,2,0,1,0,0,0,1,Win,25,0,0
Fulham,Home,6.3,2,1,1,1,0,1,0,2,1,1,0,7.3,2,1,1,1,0,1,0,2,1,1,0,Lost,25,9,1
Aston Villa,Guest,7.3,2,1,1,1,0,1,0,2,1,1,0,6.3,2,1,1,1,0,1,0,2,1,1,0,Win,25,1,0
Newcatle,Home,7.0,2,1,1,1,3,0,0,0,1,1,0,7.0,2,1,1,1,0,1,0,2,1,1,0,Draw,25,14,1
Bournemouth,Guest,7.0,2,1,1,1,0,1,0,2,1,1,0,7.0,2,1,1,1,3,0,0,0,1,1,0,Draw,25,2,0
Nottm forest,Home,7.5,2,1,1,1,0,1,0,2,1,1,0,6.5,2,1,1,1,0,1,0,2,1,1,0,Win,25,15,1
West ham,Guest,6.5,2,1,1,1,0,1,0,2,1,1,0,7.5,2,1,1,1,0,1,0,2,1,1,0,Lost,25,18,0
Tottenham,Home,6.8,2,1,1,1,0,1,0,2,1,1,0,7.4,3,0,0,1,2,2,1,0,0,0,1,Lost,25,17,1
Wolves,Guest,7.4,3,0,0,1,2,2,1,0,0,0,1,6.8,2,1,1,1,0,1,0,2,1,1,0,Win,25,19,0
Man city,Home,7.1,3,0,0,1,0,2,0,2,1,1,0,7.0,2,1,1,1,0,1,0,2,1,1,0,Draw,25,12,1
Chelsea,Guest,7.0,2,1,1,1,0,1,0,2,1,1,0,7.1,3,0,0,1,0,2,0,2,1,1,0,Draw,25,6,0
Sheffiled utd,Home,5.9,3,0,0,1,3,1,1,0,0,0,1,7.6,2,1,1,1,0,1,0,2,1,1,0,Lost,25,16,1
Brighton,Guest,7.6,2,1,1,1,0,1,0,2,1,1,0,5.9,3,0,0,1,3,1,1,0,0,0,1,Win,25,4,0
Luton,Home,7.0,3,0,0,1,2,2,1,0,0,0,1,7.1,2,1,1,1,0,1,0,2,1,1,0,Lost,25,11,1
Man utd,Guest,7.1,2,1,1,1,0,1,0,2,1,1,0,7.0,3,0,0,1,2,2,1,0,0,0,1,Win,25,13,0
Everton,Home,7.2,2,1,1,1,0,1,0,2,1,1,0,6.8,3,0,0,1,2,2,1,0,0,0,1,Draw,25,8,1
Crystal palace,Guest,6.8,3,0,0,1,2,2,1,0,0,0,1,7.2,2,1,1,1,0,1,0,2,1,1,0,Draw,25,7,0
Liverpool,Home,7.7,2,1,1,1,3,0,0,0,1,1,0,6.3,3,0,0,1,2,2,1,0,0,0,1,Win,26,10,1
Luton,Guest,6.3,3,0,0,1,2,2,1,0,0,0,1,7.7,2,1,1,1,3,0,0,0,1,1,0,Lost,26,11,0
Aston Villa,Home,7.1,2,1,1,1,0,1,0,2,1,1,0,6.1,2,1,1,1,0,1,0,2,1,1,0,Win,26,1,1
Nottm forest,Guest,6.1,2,1,1,1,0,1,0,2,1,1,0,7.1,2,1,1,1,0,1,0,2,1,1,0,Lost,26,15,0
Brighton,Home,6.9,2,1,1,1,0,1,0,2,1,1,0,6.7,2,1,1,1,0,1,0,2,1,1,0,Draw,26,4,1
Everton,Guest,6.7,2,1,1,1,0,1,0,2,1,1,0,6.9,2,1,1,1,0,1,0,2,1,1,0,Draw,26,8,0
Crystal palace,Home,7.5,3,0,0,1,2,2,1,0,0,0,1,6.0,2,1,1,2,2,0,1,0,0,0,1,Win,26,7,1
Burnley,Guest,6.0,2,1,1,2,2,0,1,0,0,0,1,7.5,3,0,0,1,2,2,1,0,0,0,1,Lost,26,5,0
Man utd,Home,6.8,2,1,1,1,0,1,0,2,1,1,0,7.5,2,1,1,1,0,1,0,2,1,1,0,Lost,26,13,1
Fulham,Guest,7.5,2,1,1,1,0,1,0,2,1,1,0,6.8,2,1,1,1,0,1,0,2,1,1,0,Win,26,9,0
Bournemouth,Home,6.7,2,1,1,1,0,1,0,2,1,1,0,7.2,3,0,0,1,0,2,0,2,1,1,0,Lost,26,2,1
Man city,Guest,7.2,3,0,0,1,0,2,0,2,1,1,0,6.7,2,1,1,1,0,1,0,2,1,1,0,Win,26,12,0
Arsenal,Home,7.3,2,1,1,1,3,0,0,0,1,1,0,6.1,2,1,1,1,3,0,0,0,1,1,0,Win,26,0,1
Newcatle,Guest,6.1,2,1,1,1,3,0,0,0,1,1,0,7.3,2,1,1,1,3,0,0,0,1,1,0,Lost,26,14,0
Wolves,Home,7.5,3,0,0,1,2,0,1,0,1,1,1,6.5,3,0,0,2,3,0,1,0,0,0,1,Win,26,19,1
Sheffiled utd,Guest,6.5,3,0,0,2,3,0,1,0,0,0,1,7.5,3,0,0,1,2,0,1,0,1,1,1,Lost,26,16,0
West ham,Home,7.6,2,1,1,1,0,1,0,2,1,1,0,6.6,3,0,0,2,3,0,1,0,0,0,1,Win,26,18,1
Brentford,Guest,6.6,3,0,0,2,3,0,1,0,0,0,1,7.6,2,1,1,1,0,1,0,2,1,1,0,Lost,26,3,0
Chelsea,Home,7.7,2,1,1,1,0,1,0,2,1,1,0,6.5,2,1,1,1,0,1,0,2,1,1,0,Win,26,6,1
Tottenham,Guest,6.5,2,1,1,1,0,1,0,2,1,1,0,7.7,2,1,1,1,0,1,0,2,1,1,0,Lost,26,17,0
Brentford,Home,7.1,3,0,0,2,3,0,1,0,0,0,1,7.2,3,0,0,2,3,0,1,0,0,0,1,Draw,27,3,1
Chelsea,Guest,7.2,3,0,0,2,3,0,1,0,0,0,1,7.1,3,0,0,2,3,0,1,0,0,0,1,Draw,27,6,0
Everton,Home,6.4,2,1,1,1,2,1,1,0,0,0,1,7.7,2,1,1,1,0,1,0,2,1,1,0,Lost,27,8,1
West ham,Guest,7.7,2,1,1,1,0,1,0,2,1,1,0,6.4,2,1,1,1,2,1,1,0,0,0,1,Win,27,18,0
Fulham,Home,7.3,2,1,1,1,0,1,0,2,1,1,0,6.4,3,0,0,1,2,2,1,0,0,0,1,Win,27,9,1
Brighton,Guest,6.4,3,0,0,1,2,2,1,0,0,0,1,7.3,2,1,1,1,0,1,0,2,1,1,0,Lost,27,4,0
Newcatle,Home,7.3,2,1,1,1,3,0,0,0,1,1,0,6.3,3,0,0,1,2,0,1,0,1,1,1,Win,27,14,1
Wolves,Guest,6.3,3,0,0,1,2,0,1,0,1,1,1,7.3,2,1,1,1,3,0,0,0,1,1,0,Lost,27,19,0
Nottm forest,Home,6.6,2,1,1,1,0,1,0,2,1,1,0,7.2,2,1,1,1,3,0,0,0,1,1,0,Lost,27,15,1
Liverpool,Guest,7.2,2,1,1,1,3,0,0,0,1,1,0,6.6,2,1,1,1,0,1,0,2,1,1,0,Win,27,10,0
Tottenham,Home,7.7,2,1,1,1,0,1,0,2,1,1,0,6.3,3,0,0,1,2,2,1,0,0,0,1,Win,27,17,1
Crystal palace,Guest,6.3,3,0,0,1,2,2,1,0,0,0,1,7.7,2,1,1,1,0,1,0,2,1,1,0,Lost,27,7,0
Luton,Home,6.9,3,0,0,1,2,2,1,0,0,0,1,7.0,2,1,1,1,0,1,0,2,1,1,0,Lost,27,11,1
Aston Villa,Guest,7.0,2,1,1,1,0,1,0,2,1,1,0,6.9,3,0,0,1,2,2,1,0,0,0,1,Win,27,1,0
Burnley,Home,6.5,2,1,1,2,2,0,1,0,0,0,1,7.2,2,1,1,1,0,1,0,2,1,1,0,Lost,27,5,1
Bournemouth,Guest,7.2,2,1,1,1,0,1,0,2,1,1,0,6.5,2,1,1,2,2,0,1,0,0,0,1,Win,27,2,0
Man city,Home,7.6,3,0,0,1,0,2,0,2,1,1,0,6.6,2,1,1,1,0,1,0,2,1,1,0,Win,27,12,1
Man utd,Guest,6.6,2,1,1,1,0,1,0,2,1,1,0,7.6,3,0,0,1,0,2,0,2,1,1,0,Lost,27,13,0
Sheffiled utd,Home,6.1,2,1,1,1,0,2,0,3,0,0,0,7.6,2,1,1,1,3,0,0,0,1,1,0,Lost,27,16,1
Arsenal,Guest,7.6,2,1,1,1,3,0,0,0,1,1,0,6.1,2,1,1,1,0,2,0,3,0,0,0,Win,27,0,0
Man utd,Home,7.5,2,1,1,1,2,1,1,0,0,0,1,6.7,2,1,1,1,2,1,1,0,0,0,1,Win,28,13,1
Everton,Guest,6.7,2,1,1,1,2,1,1,0,0,0,1,7.5,2,1,1,1,2,1,1,0,0,0,1,Lost,28,8,0
Bournemouth,Home,7.2,2,1,1,1,0,1,0,2,1,1,0,6.8,3,0,0,2,3,0,1,0,0,0,1,Draw,28,2,1
Sheffiled utd,Guest,6.8,3,0,0,2,3,0,1,0,0,0,1,7.2,2,1,1,1,0,1,0,2,1,1,0,Draw,28,16,0
Crystal palace,Home,7.1,3,0,0,1,2,2,1,0,0,0,1,6.6,3,0,0,1,2,2,1,0,0,0,1,Draw,28,7,1
Luton,Guest,6.6,3,0,0,1,2,2,1,0,0,0,1,7.1,3,0,0,1,2,2,1,0,0,0,1,Draw,28,11,0
Wolves,Home,7.0,2,1,1,1,0,1,0,2,1,1,0,6.5,2,1,1,1,0,1,0,2,1,1,0,Win,28,19,1
Fulham,Guest,6.5,2,1,1,1,0,1,0,2,1,1,0,7.0,2,1,1,1,0,1,0,2,1,1,0,Lost,28,9,0
Arsenal,Home,7.2,2,1,1,1,3,0,0,0,1,1,0,6.4,3,0,0,2,3,0,1,0,0,0,1,Win,28,0,1
Brentford,Guest,6.4,3,0,0,2,3,0,1,0,0,0,1,7.2,2,1,1,1,3,0,0,0,1,1,0,Lost,28,3,0
Aston Villa,Home,5.9,3,1,1,2,3,0,0,0,0,0,0,7.7,2,1,1,1,0,1,0,2,1,1,0,Lost,28,1,1
Tottenham,Guest,7.7,2,1,1,1,0,1,0,2,1,1,0,5.9,3,1,1,2,3,0,0,0,0,0,0,Win,28,17,0
Brighton,Home,6.9,2,1,1,1,0,1,0,2,1,1,0,6.4,2,1,1,1,3,0,0,0,1,1,0,Win,28,4,1
Nottm forest,Guest,6.4,2,1,1,1,3,0,0,0,1,1,0,6.9,2,1,1,1,0,1,0,2,1,1,0,Lost,28,15,0
West ham,Home,6.9,2,1,1,1,0,1,0,2,1,1,0,6.7,2,1,1,2,2,0,1,0,0,0,1,Draw,28,18,1
Burnley,Guest,6.7,2,1,1,2,2,0,1,0,0,0,1,6.9,2,1,1,1,0,1,0,2,1,1,0,Draw,28,5,0
Liverpool,Home,7.1,2,1,1,1,3,0,0,0,1,1,0,7.1,3,0,0,1,0,2,0,2,1,1,0,Draw,28,10,1
Man city,Guest,7.1,3,0,0,1,0,2,0,2,1,1,0,7.1,2,1,1,1,3,0,0,0,1,1,0,Draw,28,12,0
Chelsea,Home,7.4,2,1,1,1,0,1,0,2,1,1,0,6.6,2,1,1,1,3,0,0,0,1,1,0,Win,28,6,1
Newcatle,Guest,6.6,2,1,1,1,3,0,0,0,1,1,0,7.4,2,1,1,1,0,1,0,2,1,1,0,Lost,28,14,0
Burnley,Home,7.4,2,1,1,2,2,0,1,0,0,0,1,6.8,3,0,0,2,3,0,1,0,0,0,1,Win,29,5,1
Brentford,Guest,6.8,3,0,0,2,3,0,1,0,0,0,1,7.4,2,1,1,2,2,0,1,0,0,0,1,Lost,29,3,0
Luton,Home,6.7,3,0,0,1,2,2,1,0,0,0,1,7.1,2,1,1,1,0,1,0,2,1,1,0,Draw,29,11,1
Nottm forest,Guest,7.1,2,1,1,1,0,1,0,2,1,1,0,6.7,3,0,0,1,2,2,1,0,0,0,1,Draw,29,15,0
Fulham,Home,7.5,2,1,1,1,0,1,0,2,1,1,0,6.4,2,1,1,1,0,1,0,2,1,1,0,Win,29,9,1
Tottenham,Guest,6.4,2,1,1,1,0,1,0,2,1,1,0,7.5,2,1,1,1,0,1,0,2,1,1,0,Lost,29,17,0
West ham,Home,7.0,2,1,1,1,0,1,0,2,1,1,0,7.0,2,1,1,2,2,0,1,0,0,0,1,Draw,29,18,1
Aston Villa,Guest,7.0,2,1,1,2,2,0,1,0,0,0,1,7.0,2,1,1,1,0,1,0,2,1,1,0,Draw,29,1,0
Arsenal,Home,7.6,2,1,1,1,3,0,0,0,1,1,0,5.6,2,1,1,1,0,1,0,2,1,1,0,Win,29,0,1
Chelsea,Guest,5.6,2,1,1,1,0,1,0,2,1,1,0,7.6,2,1,1,1,3,0,0,0,1,1,0,Lost,29,6,0
Wolves,Home,6.6,2,1,1,1,0,2,0,1,1,1,0,7.4,2,1,1,1,0,1,0,2,1,1,0,Lost,29,19,1
Bournemouth,Guest,7.4,2,1,1,1,0,1,0,2,1,1,0,6.6,2,1,1,1,0,2,0,1,1,1,0,Win,29,2,0
Crystal palace,Home,7.6,3,0,0,1,2,2,1,0,0,0,1,6.5,3,0,0,1,2,2,1,0,0,0,1,Win,29,7,1
Newcatle,Guest,6.5,3,0,0,1,2,2,1,0,0,0,1,7.6,3,0,0,1,2,2,1,0,0,0,1,Lost,29,14,0
Everton,Home,7.6,2,1,1,1,2,1,1,0,0,0,1,6.4,2,1,1,1,3,0,0,0,1,1,0,Win,29,8,1
Liverpool,Guest,6.4,2,1,1,1,3,0,0,0,1,1,0,7.6,2,1,1,1,2,1,1,0,0,0,1,Lost,29,10,0
Man utd,Home,7.3,2,1,1,1,0,1,0,2,1,1,0,6.6,3,0,0,2,3,0,1,0,0,0,1,Win,29,13,1
Sheffiled utd,Guest,6.6,3,0,0,2,3,0,1,0,0,0,1,7.3,2,1,1,1,0,1,0,2,1,1,0,Lost,29,16,0
Brighton,Home,5.7,2,1,1,1,0,1,0,2,1,1,0,7.3,2,1,1,1,0,1,0,2,1,1,0,Lost,29,4,1
Man city,Guest,7.3,2,1,1,1,0,1,0,2,1,1,0,5.7,2,1,1,1,0,1,0,2,1,1,0,Win,29,12,0
Newcatle,Home,7.0,2,1,1,1,3,0,0,0,1,1,0,6.8,2,1,1,1,0,1,0,2,1,1,0,Win,30,14,1
West ham,Guest,6.8,2,1,1,1,0,1,0,2,1,1,0,7.0,2,1,1,1,3,0,0,0,1,1,0,Lost,30,18,0
Bournemouth,Home,6.9,2,1,1,1,0,1,0,2,1,1,0,6.7,2,1,1,1,2,1,1,0,0,0,1,Win,30,2,1
Everton,Guest,6.7,2,1,1,1,2,1,1,0,0,0,1,6.9,2,1,1,1,0,1,0,2,1,1,0,Lost,30,8,0
Chelsea,Home,7.3,2,1,1,1,0,1,0,2,1,1,0,7.0,2,1,1,2,2,0,1,0,0,0,1,Draw,30,6,1
Burnley,Guest,7.0,2,1,1,2,2,0,1,0,0,0,1,7.3,2,1,1,1,0,1,0,2,1,1,0,Draw,30,5,0
Nottm forest,Home,6.9,2,1,1,1,0,1,0,2,1,1,0,7.1,3,0,0,1,2,2,1,0,0,0,1,Draw,30,15,1
Crystal palace,Guest,7.1,3,0,0,1,2,2,1,0,0,0,1,6.9,2,1,1,1,0,1,0,2,1,1,0,Draw,30,7,0
Sheffiled utd,Home,7.1,3,0,0,2,3,0,1,0,0,0,1,6.8,2,1,1,1,0,1,0,2,1,1,0,Draw,30,16,1
Fulham,Guest,6.8,2,1,1,1,0,1,0,2,1,1,0,7.1,3,0,0,2,3,0,1,0,0,0,1,Draw,30,9,0
Tottenham,Home,7.3,2,1,1,1,0,1,0,2,1,1,0,6.4,2,1,1,1,3,0,0,0,1,1,0,Win,30,17,1
Luton,Guest,6.4,2,1,1,1,3,0,0,0,1,1,0,7.3,2,1,1,1,0,1,0,2,1,1,0,Lost,30,11,0
Aston Villa,Home,7.1,2,1,1,1,2,1,1,0,0,0,1,6.5,3,0,0,1,2,2,1,0,0,0,1,Win,30,1,1
Wolves,Guest,6.5,3,0,0,1,2,2,1,0,0,0,1,7.1,2,1,1,1,2,1,1,0,0,0,1,Lost,30,19,0
Brentford,Home,7.4,3,0,0,2,3,0,1,0,0,0,1,6.8,2,1,1,1,0,1,0,2,1,1,0,Draw,30,3,1
Man utd,Guest,6.8,2,1,1,1,0,1,0,2,1,1,0,7.4,3,0,0,2,3,0,1,0,0,0,1,Draw,30,13,0
Man city,Home,7.0,2,1,1,1,0,1,0,2,1,1,0,6.0,2,1,1,1,3,0,0,0,1,1,0,Draw,30,12,1
Arsenal,Guest,6.0,2,1,1,1,3,0,0,0,1,1,0,7.0,2,1,1,1,0,1,0,2,1,1,0,Draw,30,0,0
Liverpool,Home,7.5,2,1,1,1,3,0,0,0,1,1,0,6.7,2,1,1,1,0,1,0,2,1,1,0,Win,30,10,1
Brighton,Guest,6.7,2,1,1,1,0,1,0,2,1,1,0,7.5,2,1,1,1,3,0,0,0,1,1,0,Lost,30,4,0
Newcatle,Home,7.1,2,1,1,1,3,0,0,0,1,1,0,6.8,2,1,1,1,2,1,1,0,0,0,1,Draw,31,14,1
Everton,Guest,6.8,2,1,1,1,2,1,1,0,0,0,1,7.1,2,1,1,1,3,0,0,0,1,1,0,Draw,31,8,0
Nottm forest,Home,7.4,2,1,1,1,0,1,0,2,1,1,0,6.4,2,1,1,1,0,1,0,2,1,1,0,Win,31,15,1
Fulham,Guest,6.4,2,1,1,1,0,1,0,2,1,1,0,7.4,2,1,1,1,0,1,0,2,1,1,0,Lost,31,9,0
Bournemouth,Home,7.1,2,1,1,1,0,1,0,2,1,1,0,6.8,3,0,0,1,2,0,1,0,1,1,1,Win,31,2,1
Crystal palace,Guest,6.8,3,0,0,1,2,0,1,0,1,1,1,7.1,2,1,1,1,0,1,0,2,1,1,0,Lost,31,7,0
Burnley,Home,7.1,2,1,1,2,2,0,1,0,0,0,1,6.9,2,1,1,1,2,1,1,0,0,0,1,Draw,31,5,1
Wolves,Guest,6.9,2,1,1,1,2,1,1,0,0,0,1,7.1,2,1,1,2,2,0,1,0,0,0,1,Draw,31,19,0
West ham,Home,6.9,2,1,1,1,0,2,0,3,0,0,0,7.1,2,1,1,1,0,1,0,2,1,1,0,Draw,31,18,1
Tottenham,Guest,7.1,2,1,1,1,0,1,0,2,1,1,0,6.9,2,1,1,1,0,2,0,3,0,0,0,Draw,31,17,0
Arsenal,Home,7.0,2,1,1,1,3,0,0,0,1,1,0,6.3,3,0,0,1,2,2,1,0,0,0,1,Win,31,0,1
Luton,Guest,6.3,3,0,0,1,2,2,1,0,0,0,1,7.0,2,1,1,1,3,0,0,0,1,1,0,Lost,31,11,0
Brentford,Home,6.7,3,0,0,2,3,0,1,0,0,0,1,7.1,2,1,1,1,0,1,0,2,1,1,0,Draw,31,3,1
Brighton,Guest,7.1,2,1,1,1,0,1,0,2,1,1,0,6.7,3,0,0,2,3,0,1,0,0,0,1,Draw,31,4,0
Man city,Home,7.6,3,0,0,1,0,2,0,2,1,1,0,6.0,2,1,1,1,0,1,0,2,1,1,0,Win,31,12,1
Aston Villa,Guest,6.0,2,1,1,1,0,1,0,2,1,1,0,7.6,3,0,0,1,0,2,0,2,1,1,0,Lost,31,1,0
Liverpool,Home,7.4,2,1,1,1,3,0,0,0,1,1,0,6.3,3,0,0,2,3,0,1,0,0,0,1,Win,31,10,1
Sheffiled utd,Guest,6.3,3,0,0,2,3,0,1,0,0,0,1,7.4,2,1,1,1,3,0,0,0,1,1,0,Lost,31,16,0
Chelsea,Home,6.7,2,1,1,1,0,1,0,2,1,1,0,6.8,2,1,1,1,0,1,0,2,1,1,0,Win,31,6,1
Man utd,Guest,6.8,2,1,1,1,0,1,0,2,1,1,0,6.7,2,1,1,1,0,1,0,2,1,1,0,Lost,31,13,0
Crystal palace,Home,6.4,3,0,0,1,2,2,1,0,0,0,1,7.2,3,0,0,1,0,2,0,2,1,1,0,Lost,32,7,1
Man city,Guest,7.2,3,0,0,1,0,2,0,2,1,1,0,6.4,3,0,0,1,2,2,1,0,0,0,1,Win,32,12,0
Aston Villa,Home,6.8,2,1,1,1,2,1,1,0,0,0,1,6.8,3,0,0,2,3,0,1,0,0,0,1,Draw,32,1,1
Brentford,Guest,6.8,3,0,0,2,3,0,1,0,0,0,1,6.8,2,1,1,1,2,1,1,0,0,0,1,Draw,32,3,0
Everton,Home,7.4,2,1,1,1,2,1,1,0,0,0,1,6.3,2,1,1,2,2,0,1,0,0,0,1,Win,32,8,1
Burnley,Guest,6.3,2,1,1,2,2,0,1,0,0,0,1,7.4,2,1,1,1,2,1,1,0,0,0,1,Lost,32,5,0
Fulham,Home,6.9,2,1,1,1,0,1,0,2,1,1,0,7.1,2,1,1,1,3,0,0,0,1,1,0,Lost,32,9,1
Newcatle,Guest,7.1,2,1,1,1,3,0,0,0,1,1,0,6.9,2,1,1,1,0,1,0,2,1,1,0,Win,32,14,0
Luton,Home,7.3,3,0,0,1,2,2,1,0,0,0,1,6.7,2,1,1,1,0,1,0,2,1,1,0,Win,32,11,1
Bournemouth,Guest,6.7,2,1,1,1,0,1,0,2,1,1,0,7.3,3,0,0,1,2,2,1,0,0,0,1,Lost,32,2,0
Wolves,Home,6.7,3,0,0,1,2,2,1,0,0,0,1,7.1,2,1,1,1,0,1,0,2,1,1,0,Lost,32,19,1
West ham,Guest,7.1,2,1,1,1,0,1,0,2,1,1,0,6.7,3,0,0,1,2,2,1,0,0,0,1,Win,32,18,0
Brighton,Home,6.4,2,1,1,1,0,1,0,2,1,1,0,7.5,2,1,1,1,3,0,0,0,1,1,0,Lost,32,4,1
Arsenal,Guest,7.5,2,1,1,1,3,0,0,0,1,1,0,6.4,2,1,1,1,0,1,0,2,1,1,0,Win,32,0,0
Man utd,Home,7.2,2,1,1,1,0,1,0,2,1,1,0,6.9,2,1,1,1,3,0,0,0,1,1,0,Draw,32,13,1
Liverpool,Guest,6.9,2,1,1,1,3,0,0,0,1,1,0,7.2,2,1,1,1,0,1,0,2,1,1,0,Draw,32,10,0
Sheffiled utd,Home,7.1,3,0,0,2,3,0,1,0,0,0,1,7.0,2,1,1,1,0,1,0,2,1,1,0,Draw,32,16,1
Chelsea,Guest,7.0,2,1,1,1,0,1,0,2,1,1,0,7.1,3,0,0,2,3,0,1,0,0,0,1,Draw,32,6,0
Tottenham,Home,7.3,2,1,1,1,0,1,0,2,1,1,0,6.4,2,1,1,1,0,1,0,2,1,1,0,Win,32,17,1
Nottm forest,Guest,6.4,2,1,1,1,0,1,0,2,1,1,0,7.3,2,1,1,1,0,1,0,2,1,1,0,Lost,32,15,0
Newcatle,Home,7.7,2,1,1,1,3,0,0,0,1,1,0,6.1,2,1,1,1,0,1,0,2,1,1,0,Win,33,14,1
Tottenham,Guest,6.1,2,1,1,1,0,1,0,2,1,1,0,7.7,2,1,1,1,3,0,0,0,1,1,0,Lost,33,17,0
Brentford,Home,7.2,2,1,1,1,3,0,0,0,1,1,0,6.5,3,1,1,2,3,0,0,0,0,0,0,Win,33,3,1
Sheffiled utd,Guest,6.5,3,1,1,2,3,0,0,0,0,0,0,7.2,2,1,1,1,3,0,0,0,1,1,0,Lost,33,16,0
Burnley,Home,6.8,2,1,1,2,2,0,1,0,0,0,1,6.8,2,1,1,1,0,1,0,2,1,1,0,Draw,33,5,1
Brighton,Guest,6.8,2,1,1,1,0,1,0,2,1,1,0,6.8,2,1,1,2,2,0,1,0,0,0,1,Draw,33,4,0
Man city,Home,8.0,2,1,1,1,0,1,0,2,1,1,0,6.1,3,0,0,1,2,2,1,0,0,0,1,Win,33,12,1
Luton,Guest,6.1,3,0,0,1,2,2,1,0,0,0,1,8.0,2,1,1,1,0,1,0,2,1,1,0,Lost,33,11,0
Nottm forest,Home,6.9,2,1,1,1,0,1,0,2,1,1,0,6.7,3,0,0,2,2,1,1,0,0,0,1,Draw,33,15,1
Wolves,Guest,6.7,3,0,0,2,2,1,1,0,0,0,1,6.9,2,1,1,1,0,1,0,2,1,1,0,Draw,33,19,0
Bournemouth,Home,7.1,2,1,1,1,0,1,0,2,1,1,0,6.6,2,1,1,1,0,1,0,2,1,1,0,Draw,33,2,1
Man utd,Guest,6.6,2,1,1,1,0,1,0,2,1,1,0,7.1,2,1,1,1,0,1,0,2,1,1,0,Draw,33,13,0
Liverpool,Home,6.8,2,1,1,1,3,0,0,0,1,1,0,7.2,3,0,0,1,2,2,1,0,0,0,1,Lost,33,10,1
Crystal palace,Guest,7.2,3,0,0,1,2,2,1,0,0,0,1,6.8,2,1,1,1,3,0,0,0,1,1,0,Win,33,7,0
West ham,Home,6.6,2,1,1,1,0,1,0,2,1,1,0,7.5,2,1,1,1,0,1,0,2,1,1,0,Lost,33,18,1
Fulham,Guest,7.5,2,1,1,1,0,1,0,2,1,1,0,6.6,2,1,1,1,0,1,0,2,1,1,0,Win,33,9,0
Arsenal,Home,6.5,2,1,1,1,3,0,0,0,1,1,0,7.4,2,1,1,1,0,1,0,2,1,1,0,Lost,33,0,1
Aston Villa,Guest,7.4,2,1,1,1,0,1,0,2,1,1,0,6.5,2,1,1,1,3,0,0,0,1,1,0,Win,33,1,0
Chelsea,Home,7.5,2,1,1,1,0,1,0,2,1,1,0,5.7,2,1,1,1,2,1,1,0,0,0,1,Win,33,6,1
Everton,Guest,5.7,2,1,1,1,2,1,1,0,0,0,1,7.5,2,1,1,1,0,1,0,2,1,1,0,Lost,33,8,0
Luton,Home,6.1,3,0,0,1,2,2,1,0,0,0,1,7.5,2,1,1,1,3,0,0,0,1,1,0,Lost,34,11,1
Brentford,Guest,7.5,2,1,1,1,3,0,0,0,1,1,0,6.1,3,0,0,1,2,2,1,0,0,0,1,Win,34,3,0
Sheffiled utd,Home,6.2,2,1,1,1,3,0,0,0,1,1,0,7.6,2,1,1,2,2,0,1,0,0,0,1,Lost,34,16,1
Burnley,Guest,7.6,2,1,1,2,2,0,1,0,0,0,1,6.2,2,1,1,1,3,0,0,0,1,1,0,Win,34,5,0
Wolves,Home,6.3,3,0,0,1,2,2,1,0,0,0,1,7.4,2,1,1,1,3,0,0,0,1,1,0,Lost,34,19,1
Arsenal,Guest,7.4,2,1,1,1,3,0,0,0,1,1,0,6.3,3,0,0,1,2,2,1,0,0,0,1,Win,34,0,0
Everton,Home,7.3,2,1,1,1,2,1,1,0,0,0,1,6.2,2,1,1,1,0,1,0,2,1,1,0,Win,34,8,1
Nottm forest,Guest,6.2,2,1,1,1,0,1,0,2,1,1,0,7.3,2,1,1,1,2,1,1,0,0,0,1,Lost,34,15,0
Aston Villa,Home,7.8,2,1,1,2,2,0,1,0,0,0,1,6.5,2,1,1,1,0,1,0,2,1,1,0,Win,34,1,1
Bournemouth,Guest,6.5,2,1,1,1,0,1,0,2,1,1,0,7.8,2,1,1,2,2,0,1,0,0,0,1,Lost,34,2,0
Crystal palace,Home,7.3,3,0,0,1,2,2,1,0,0,0,1,5.7,2,1,1,1,0,1,0,2,1,1,0,Win,34,7,1
West ham,Guest,5.7,2,1,1,1,0,1,0,2,1,1,0,7.3,3,0,0,1,2,2,1,0,0,0,1,Lost,34,18,0
Fulham,Home,6.3,2,1,1,1,0,1,0,2,1,1,0,7.2,2,1,1,1,3,0,0,0,1,1,0,Lost,34,9,1
Liverpool,Guest,7.2,2,1,1,1,3,0,0,0,1,1,0,6.3,2,1,1,1,0,1,0,2,1,1,0,Win,34,10,0
Tottenham,Home,6.7,2,1,1,2,0,1,0,3,0,0,0,7.4,2,1,1,1,0,1,0,2,1,1,0,Lost,34,17,1
Man city,Guest,7.4,2,1,1,1,0,1,0,2,1,1,0,6.7,2,1,1,2,0,1,0,3,0,0,0,Win,34,12,0
Brighton,Home,6.6,2,1,1,1,0,1,0,2,1,1,0,7.0,2,1,1,1,0,1,0,2,1,1,0,Lost,34,4,1
Chelsea,Guest,7.0,2,1,1,1,0,1,0,2,1,1,0,6.6,2,1,1,1,0,1,0,2,1,1,0,Win,34,6,0
Man utd,Home,7.4,2,1,1,1,0,1,0,2,1,1,0,6.7,2,1,1,1,3,0,0,0,1,1,0,Win,34,13,1
Newcatle,Guest,6.7,2,1,1,1,3,0,0,0,1,1,0,7.4,2,1,1,1,0,1,0,2,1,1,0,Lost,34,14,0
West ham,Home,7.0,2,1,1,1,0,1,0,2,1,1,0,7.2,2,1,1,1,3,0,0,0,1,1,0,Draw,35,18,1
Liverpool,Guest,7.2,2,1,1,1,3,0,0,0,1,1,0,7.0,2,1,1,1,0,1,0,2,1,1,0,Draw,35,10,0
Fulham,Home,6.9,2,1,1,1,0,1,0,2,1,1,0,7.1,3,0,0,1,2,2,1,0,0,0,1,Draw,35,9,1
Crystal palace,Guest,7.1,3,0,0,1,2,2,1,0,0,0,1,6.9,2,1,1,1,0,1,0,2,1,1,0,Draw,35,7,0
Man utd,Home,7.2,2,1,1,1,0,1,0,2,1,1,0,7.0,2,1,1,2,2,0,1,0,0,0,1,Draw,35,13,1
Burnley,Guest,7.0,2,1,1,2,2,0,1,0,0,0,1,7.2,2,1,1,1,0,1,0,2,1,1,0,Draw,35,5,0
Newcatle,Home,7.6,2,1,1,1,3,0,0,0,1,1,0,6.5,3,0,0,2,3,0,1,0,0,0,1,Win,35,14,1
Sheffiled utd,Guest,6.5,3,0,0,2,3,0,1,0,0,0,1,7.6,2,1,1,1,3,0,0,0,1,1,0,Lost,35,16,0
Wolves,Home,7.3,2,1,1,1,0,2,0,1,1,1,0,6.7,3,0,0,1,2,2,1,0,0,0,1,Win,35,19,1
Luton,Guest,6.7,3,0,0,1,2,2,1,0,0,0,1,7.3,2,1,1,1,0,2,0,1,1,1,0,Lost,35,11,0
Everton,Home,7.3,2,1,1,1,2,1,1,0,0,0,1,6.6,2,1,1,1,3,0,0,0,1,1,0,Win,35,8,1
Brentford,Guest,6.6,2,1,1,1,3,0,0,0,1,1,0,7.3,2,1,1,1,2,1,1,0,0,0,1,Lost,35,3,0
Aston Villa,Home,6.3,2,1,1,1,2,1,1,0,0,0,1,7.3,2,1,1,1,0,1,0,2,1,1,0,Draw,35,1,1
Chelsea,Guest,7.3,2,1,1,1,0,1,0,2,1,1,0,6.3,2,1,1,1,2,1,1,0,0,0,1,Draw,35,6,0
Bournemouth,Home,7.4,2,1,1,2,2,0,1,0,0,0,1,6.4,2,1,1,1,0,1,0,2,1,1,0,Win,35,2,1
Brighton,Guest,6.4,2,1,1,1,0,1,0,2,1,1,0,7.4,2,1,1,2,2,0,1,0,0,0,1,Lost,35,4,0
Tottenham,Home,6.3,2,1,1,1,0,1,0,2,1,1,0,7.1,2,1,1,1,3,0,0,0,1,1,0,Lost,35,17,1
Arsenal,Guest,7.1,2,1,1,1,3,0,0,0,1,1,0,6.3,2,1,1,1,0,1,0,2,1,1,0,Win,35,0,0
Nottm forest,Home,6.4,3,1,1,1,2,0,1,0,0,0,1,7.5,2,1,1,1,0,2,0,1,1,1,0,Lost,35,15,1
Man city,Guest,7.5,2,1,1,1,0,2,0,1,1,1,0,6.4,3,1,1,1,2,0,1,0,0,0,1,Win,35,12,0
Luton,Home,7.0,3,0,0,1,2,2,1,0,0,0,1,6.8,2,1,1,1,2,1,1,0,0,0,1,Draw,36,11,1
Everton,Guest,6.8,2,1,1,1,2,1,1,0,0,0,1,7.0,3,0,0,1,2,2,1,0,0,0,1,Draw,36,8,0
Arsenal,Home,8.0,2,1,1,1,3,0,0,0,1,1,0,6.4,2,1,1,1,0,1,0,2,1,1,0,Win,36,0,1
Bournemouth,Guest,6.4,2,1,1,1,0,1,0,2,1,1,0,8.0,2,1,1,1,3,0,0,0,1,1,0,Lost,36,2,0
Brentford,Home,6.9,2,1,1,1,3,0,0,0,1,1,0,6.9,2,1,1,1,0,1,0,2,1,1,0,Draw,36,3,1
Fulham,Guest,6.9,2,1,1,1,0,1,0,2,1,1,0,6.9,2,1,1,1,3,0,0,0,1,1,0,Draw,36,9,0
Burnley,Home,6.4,2,1,1,1,0,1,0,2,1,1,0,7.4,2,1,1,2,2,0,1,0,0,0,1,Lost,36,5,1
Newcatle,Guest,7.4,2,1,1,2,2,0,1,0,0,0,1,6.4,2,1,1,1,0,1,0,2,1,1,0,Win,36,14,0
Sheffiled utd,Home,6.4,3,0,0,2,3,0,1,0,0,0,1,7.7,2,1,1,1,0,1,0,2,1,1,0,Lost,36,16,1
Nottm forest,Guest,7.7,2,1,1,1,0,1,0,2,1,1,0,6.4,3,0,0,2,3,0,1,0,0,0,1,Win,36,15,0
Man city,Home,7.3,2,1,1,1,0,1,0,2,1,1,0,6.2,3,0,0,2,3,0,1,0,0,0,1,Win,36,12,1
Wolves,Guest,6.2,3,0,0,2,3,0,1,0,0,0,1,7.3,2,1,1,1,0,1,0,2,1,1,0,Lost,36,19,0
Brighton,Home,7.2,2,1,1,1,0,1,0,2,1,1,0,6.5,2,1,1,1,0,1,0,2,1,1,0,Win,36,4,1
Aston Villa,Guest,6.5,2,1,1,1,0,1,0,2,1,1,0,7.2,2,1,1,1,0,1,0,2,1,1,0,Lost,36,1,0
Chelsea,Home,7.9,2,1,1,1,0,1,0,2,1,1,0,5.8,2,1,1,1,0,1,0,2,1,1,0,Win,36,6,1
West ham,Guest,5.8,2,1,1,1,0,1,0,2,1,1,0,7.9,2,1,1,1,0,1,0,2,1,1,0,Lost,36,18,0
Liverpool,Home,7.4,2,1,1,1,3,0,0,0,1,1,0,6.5,2,1,1,1,3,0,0,0,1,1,0,Win,36,10,1
Tottenham,Guest,6.5,2,1,1,1,3,0,0,0,1,1,0,7.4,2,1,1,1,3,0,0,0,1,1,0,Lost,36,17,0
Crystal palace,Home,7.6,3,0,0,1,2,2,1,0,0,0,1,5.9,2,1,1,1,0,1,0,2,1,1,0,Win,36,7,1
Man utd,Guest,5.9,2,1,1,1,0,1,0,2,1,1,0,7.6,3,0,0,1,2,2,1,0,0,0,1,Lost,36,13,0
Fulham,Home,5.9,2,1,1,1,0,1,0,2,1,1,0,7.5,2,1,1,1,0,1,0,2,1,1,0,Lost,37,9,1
Man city,Guest,7.5,2,1,1,1,0,1,0,2,1,1,0,5.9,2,1,1,1,0,1,0,2,1,1,0,Win,37,12,0
Bournemouth,Home,6.7,2,1,1,1,0,1,0,2,1,1,0,7.2,2,1,1,1,3,0,0,0,1,1,0,Lost,37,2,1
Brentford,Guest,7.2,2,1,1,1,3,0,0,0,1,1,0,6.7,2,1,1,1,0,1,0,2,1,1,0,Win,37,3,0
Everton,Home,7.3,2,1,1,1,2,1,1,0,0,0,1,6.5,3,0,0,2,3,0,1,0,0,0,1,Win,37,8,1
Sheffiled utd,Guest,6.5,3,0,0,2,3,0,1,0,0,0,1,7.3,2,1,1,1,2,1,1,0,0,0,1,Lost,37,16,0
Newcatle,Home,6.9,2,1,1,1,3,0,0,0,1,1,0,6.9,2,1,1,1,0,1,0,2,1,1,0,Draw,37,14,1
Brighton,Guest,6.9,2,1,1,1,0,1,0,2,1,1,0,6.9,2,1,1,1,3,0,0,0,1,1,0,Draw,37,4,0
Tottenham,Home,7.3,2,1,1,1,0,1,0,2,1,1,0,6.8,2,1,1,2,2,0,1,0,0,0,1,Win,37,17,1
Burnley,Guest,6.8,2,1,1,2,2,0,1,0,0,0,1,7.3,2,1,1,1,0,1,0,2,1,1,0,Lost,37,5,0
West ham,Home,7.5,2,1,1,1,0,1,0,2,1,1,0,6.3,3,0,0,1,2,2,1,0,0,0,1,Win,37,18,1
Luton,Guest,6.3,3,0,0,1,2,2,1,0,0,0,1,7.5,2,1,1,1,0,1,0,2,1,1,0,Lost,37,11,0
Wolves,Home,6.3,3,0,0,2,3,0,1,0,0,0,1,7.2,3,0,0,1,2,2,1,0,0,0,1,Lost,37,19,1
Crystal palace,Guest,7.2,3,0,0,1,2,2,1,0,0,0,1,6.3,3,0,0,2,3,0,1,0,0,0,1,Win,37,7,0
Nottm forest,Home,6.7,3,1,1,1,2,0,1,0,0,0,1,7.1,2,1,1,1,0,1,0,2,1,1,0,Lost,37,15,1
Chelsea,Guest,7.1,2,1,1,1,0,1,0,2,1,1,0,6.7,3,1,1,1,2,0,1,0,0,0,1,Win,37,6,0
Man utd,Home,6.8,2,1,1,1,0,1,0,2,1,1,0,7.2,2,1,1,1,3,0,0,0,1,1,0,Lost,37,13,1
Arsenal,Guest,7.2,2,1,1,1,3,0,0,0,1,1,0,6.8,2,1,1,1,0,1,0,2,1,1,0,Win,37,0,0
Aston Villa,Home,6.8,2,1,1,2,2,0,1,0,0,0,1,6.7,2,1,1,1,3,0,0,0,1,1,0,Draw,37,1,1
Liverpool,Guest,6.7,2,1,1,1,3,0,0,0,1,1,0,6.8,2,1,1,2,2,0,1,0,0,0,1,Draw,37,10,0
Arsenal,Home,7.2,2,1,1,1,3,0,0,0,1,1,0,6.5,2,1,1,1,2,1,1,0,0,0,1,Win,38,0,1
Everton,Guest,6.5,2,1,1,1,2,1,1,0,0,0,1,7.2,2,1,1,1,3,0,0,0,1,1,0,Lost,38,8,0
Brentford,Home,6.3,2,1,1,1,3,0,0,0,1,1,0,7.3,2,1,1,1,3,0,0,0,1,1,0,Lost,38,3,1
Newcatle,Guest,7.3,2,1,1,1,3,0,0,0,1,1,0,6.3,2,1,1,1,3,0,0,0,1,1,0,Win,38,14,0
Brighton,Home,6.4,2,1,1,1,0,1,0,2,1,1,0,7.1,2,1,1,2,0,0,0,2,1,1,0,Lost,38,4,1
Man utd,Guest,7.1,2,1,1,2,0,0,0,2,1,1,0,6.4,2,1,1,1,0,1,0,2,1,1,0,Win,38,13,0
Burnley,Home,6.8,2,1,1,2,2,0,1,0,0,0,1,7.2,2,1,1,1,0,1,0,2,1,1,0,Lost,38,5,1
Nottm forest,Guest,7.2,2,1,1,1,0,1,0,2,1,1,0,6.8,2,1,1,2,2,0,1,0,0,0,1,Win,38,15,0
Chelsea,Home,7.3,2,1,1,1,0,1,0,2,1,1,0,6.5,2,1,1,1,0,1,0,2,1,1,0,Win,38,6,1
Bournemouth,Guest,6.5,2,1,1,1,0,1,0,2,1,1,0,7.3,2,1,1,1,0,1,0,2,1,1,0,Lost,38,2,0
Crystal palace,Home,7.7,3,0,0,1,2,2,1,0,0,0,1,5.5,2,1,1,2,2,0,1,0,0,0,1,Win,38,7,1
Aston Villa,Guest,5.5,2,1,1,2,2,0,1,0,0,0,1,7.7,3,0,0,1,2,2,1,0,0,0,1,Lost,38,1,0
Liverpool,Home,7.6,2,1,1,1,3,0,0,0,1,1,0,6.4,3,1,1,1,2,0,1,0,0,0,1,Win,38,10,1
Wolves,Guest,6.4,3,1,1,1,2,0,1,0,0,0,1,7.6,2,1,1,1,3,0,0,0,1,1,0,Lost,38,19,0
Luton,Home,6.3,3,0,0,1,2,2,1,0,0,0,1,7.3,2,1,1,1,0,1,0,2,1,1,0,Lost,38,11,1
Fulham,Guest,7.3,2,1,1,1,0,1,0,2,1,1,0,6.3,3,0,0,1,2,2,1,0,0,0,1,Win,38,9,0
Man city,Home,7.7,2,1,1,1,0,2,0,1,1,1,0,6.2,3,0,0,1,2,0,1,0,1,1,1,Win,38,12,1
West ham,Guest,6.2,3,0,0,1,2,0,1,0,1,1,1,7.7,2,1,1,1,0,2,0,1,1,1,0,Lost,38,18,0
Sheffiled utd,Home,6.1,3,0,0,2,3,0,1,0,0,0,1,7.4,2,1,1,1,3,0,0,0,1,1,0,Lost,38,16,1
Tottenham,Guest,7.4,2,1,1,1,3,0,0,0,1,1,0,6.1,3,0,0,2,3,0,1,0,0,0,1,Win,38,17,0
